duration,packet_rate,byte_rate,port_diversity,protocol_type,payload_entropy,failed_logins,error_rate,label,node_type
0.004624859023996832,0.9401439315007314,0.8258690601775998,0.010820824099203681,0.5,0.39006822557817855,0.0,0.9093238095623898,1,crypto
0.12156685369935423,0.41179946123435,0.8241962271566035,0.022601592660266068,0.0,0.2620065733989574,0.0,0.014377124707590273,0,fund
0.00955792225275435,0.7222078901564742,0.22320234980569226,0.08427393807159965,0.0,0.39722782526179207,0.0,0.031343392655025434,0,crypto
0.013452786175860848,0.6895254451695568,0.2399746149894088,0.10842319463139917,0.0,0.4232827201009746,0.0,0.013644402597253608,0,crypto
0.00699360695656851,0.9804848326571041,0.8269267140912908,0.010333286392543122,0.5,0.3672758478620855,0.0,0.8929485735229696,1,crypto
0.39710429957688315,0.5200892771949529,0.9503085486870538,0.03250117359389338,0.0,0.9247391968927453,0.0,0.014618583383370402,4,fund
0.03612865854856514,0.39564631975265024,0.2724699089753607,0.03310799616240462,0.0,0.336349520629039,0.0,0.02930584400771102,0,retail
0.0887785344832465,0.7677767409673341,0.1491846710452517,0.11298940927354462,0.0,0.3857814302983476,0.0,0.015896166913136996,0,crypto
0.202977871785204,0.39279898784196665,0.4003532897892024,0.09084908075142903,0.0,0.34839041963159006,0.0,0.02361395605508414,0,retail
0.008254750463328664,0.8538036566465969,0.23851242405826892,0.08998677321466789,0.0,0.28954263805821984,0.0,0.01719193708473247,0,crypto
0.16569057645726462,0.621795217370016,0.3423943069790934,0.10618115293971553,0.0,0.5829780786365834,0.0,0.03622920499341374,0,crypto
0.2102740353199717,0.4823733076975142,0.7894742865998821,0.05133960665846886,0.0,0.3668188292475627,0.0,0.006012591183941422,0,fund
0.9884089747821396,0.36907114535554225,0.8673125502773975,0.07230109451922337,0.0,0.3705739420693791,0.0,0.03273733620139556,0,fund
0.03598229742358706,0.370804732917438,0.16900493127875257,0.1683099024944385,0.0,0.3122987363774916,0.0,0.02914884321926012,0,retail
0.04937565583013938,0.49084003303127355,0.42637405307663867,0.07953549979964664,0.0,0.3978098843531873,0.0,0.02817873512216565,0,crypto
0.06704993527621635,0.5945395530533162,0.31023476825496665,0.06702172158355961,0.0,0.3472654158050818,0.0,0.020039373044314027,0,crypto
0.20121647296723555,0.4338022658875142,0.4974571196953486,0.13895104291776395,0.0,0.24480710251174057,0.0,0.012373730357848483,0,retail
0.32505224505042,0.7168659387193294,0.335615983038938,0.07934357376983706,0.0,0.49744403502052087,0.0,0.01610541975696518,0,crypto
0.14193613237853683,0.47896728047506726,0.3431489463263042,0.047097431042684317,0.0,0.34541587488637826,0.0,0.02887511614416269,0,retail
0.23484250551354383,0.7605483130847674,0.3620548215961735,0.0751718786941081,0.0,0.3689388480818709,0.0,0.011144876261711513,0,crypto
0.15593630466718134,0.2972289135911511,0.37412406350452176,0.028684112644249075,0.0,0.40951827935167884,0.0,0.03000485607762105,0,retail
0.0859135231623288,0.7152420862259259,0.35219415656168973,0.08890954019699558,0.0,0.42003942802767014,0.0,0.023464482094969756,0,crypto
0.029748795151574105,0.7032714902249475,0.47885938573254627,0.9599028611069794,0.0,0.38683996526704767,0.0,0.7193341354987277,2,crypto
0.020009308028261407,0.9511856256810639,0.8429550722766325,0.01436080929676727,0.5,0.45763097936305575,0.0,0.9520138059198616,1,crypto
0.0434429790650477,0.5656476235932566,0.20369843739338733,0.10931540002439219,0.0,0.40335840515760185,0.0,0.01862728182902184,0,crypto
0.07050234812977557,0.46069757095686253,0.941518894327455,0.09818388089297254,0.0,0.9410096190964228,0.0,0.023363987637862522,4,retail
0.03714372325915096,0.3403102668437248,0.37101092403639535,0.08277436614653291,0.0,0.45040599508808066,0.0,0.03762937472303228,0,retail
1.0,0.40582087184460003,0.6857029702169377,0.0907336208104485,0.0,0.4448627621094588,0.0,0.03083051243175277,0,fund
0.33147490145194247,0.8053802052034903,0.33044491198708525,0.0877162247294032,0.0,0.401914545157267,0.0,0.028719139888123926,0,crypto
0.04320229738939291,0.38346903854464376,0.23128248246674896,0.08205053753311486,0.0,0.36724729355427543,0.0,0.03889547656126583,0,retail
0.1564589171374252,0.6324195265778603,0.36862601903745135,0.03161852386431045,0.0,0.36224545073684533,0.0,0.030889505969673662,0,crypto
0.29392958808914704,0.45495763450626675,0.172912819312396,0.15167107872177388,0.0,0.5474731006656427,0.0,0.03363435490951704,0,retail
0.21662257573498095,0.4828765977604875,0.2892805524838874,0.06541348142740627,0.0,0.5274385435407571,0.9912516430810547,0.015660584009899482,3,retail
0.03402414831457083,0.33225843322852433,0.33177670324371183,0.0316331807847643,0.0,0.4756305352070054,0.0,0.03266406855372875,0,retail
0.1454219912743296,0.32123980896411286,0.49236244121452793,0.04449280496166387,0.0,0.418317634578435,0.0,0.016606137068218032,0,retail
0.07462281129080241,0.31847290634780767,0.2450747092635698,0.1129038876332421,0.0,0.5690489725566562,0.0,0.015015933772935544,0,retail
0.6048687216245472,0.3871587853460292,0.7534335228745455,0.08175526706920533,0.0,0.5878397542760259,0.0,0.024049755087705252,0,fund
0.006876990966965479,0.8240608864214064,0.41724357823922426,0.9693411434545778,0.0,0.4599284541571459,0.0,0.8409613934906766,2,crypto
0.19209103317356893,0.4446890144774068,0.7454962384652909,0.04197853095462995,0.0,0.40882396629067375,0.0,0.01569974614150084,0,fund
0.07683143765897371,0.6410635243055788,0.38496020970210243,0.09071046457895142,0.0,0.34456723237914766,0.0,0.028995998754332508,0,crypto
0.04493863510030761,0.9609419476234007,0.8398903673783052,0.008911593983863899,0.0,0.25698627104545746,0.0,0.9439510740794876,1,retail
0.05442373652384615,0.4632852437382712,0.07458413204823844,0.006302205626798174,0.0,0.3938774350918763,0.0,0.014103471433128345,0,retail
0.029976902411715738,0.9141590979972957,0.8276613244105046,0.016024614608892873,0.0,0.40775967719941747,0.0,0.8521335812314591,1,retail
0.012965748584036553,0.9470588523699572,0.8806920670737712,0.016789403940499943,0.0,0.3458270630790311,0.0,0.8826678637238976,1,retail
1.0,0.42038227275274676,0.9486964843461138,0.0823702704273217,0.0,0.9562555008730237,0.0,0.022374852516219398,4,fund
0.003794729877935136,0.9490360902892837,0.8661359280169044,0.005863845282238385,0.0,0.39963497368077633,0.0,0.9207738605696469,1,retail
0.38972499249096393,0.5532738913002578,0.8057412947756372,0.054676768027737604,0.0,0.5087053306666183,0.0,0.017136534838340805,0,fund
0.8924259285875806,0.4069652664518879,0.3983504306358465,0.09420882163182694,0.0,0.4043480462350857,0.9362490674019972,0.04275761297567204,3,retail
0.16734959512313316,0.8436754672549553,0.9178771160056964,0.07570150223848761,0.0,0.9358175522087803,0.0,0.01691822046725213,4,crypto
0.2680958755879927,0.5589144132202551,0.7676627200996798,0.03019647738331,0.0,0.5382198101947407,0.0,0.005073986355843069,0,fund
0.015852018379252656,0.38772112508424855,0.36488932412535496,0.10340825493260004,0.0,0.41208639697221827,0.0,0.007682692324901744,0,retail
0.0019685516664277782,0.9568491383601503,0.9455764803254714,0.011597687894343574,0.0,0.4206933529608174,0.0,0.9077311224739755,1,retail
0.00778811176255451,0.960288776681175,0.9030223407055233,0.017706854984590913,0.5,0.38860964119829655,0.0,0.8668842768433715,1,crypto
0.38799946117860673,0.3696135564569073,0.7482087744194366,0.10678476092896566,0.0,0.354939311083171,0.0,0.045392577912108927,0,fund
0.07035184568944325,0.9092153564447979,0.8600067209586711,0.0,0.5,0.25930084108615087,0.0,0.88053142015829,1,crypto
0.23922862163943703,0.8334445640864135,0.280532973812252,0.12259018932631234,0.0,0.4368589654051136,0.0,0.025861056047234005,0,crypto
0.31810448684610393,0.5122677684798022,0.1558804239504001,0.07631266080345635,0.0,0.39397570761959017,0.9395069309969318,0.00898748095152888,3,retail
0.0016160718367110223,0.7349198337129,0.33529599755389017,0.9936585292874587,0.0,0.35770208116002367,0.0,0.940530943560636,2,crypto
0.15368566291598842,0.2781510358713415,0.9992038267480767,0.07875121897139227,0.0,0.9635625685152213,0.0,0.021225054983395192,4,fund
0.1325325129337229,0.7035635459850456,0.14848089378014476,0.12100622802333574,0.0,0.5315974170801028,0.0,0.017509639604436217,0,crypto
0.08571070621577849,0.48668490633421435,0.8471036831418022,0.06925372398527663,0.0,0.472149074961431,0.0,0.011287531188850708,0,fund
0.004055072150062903,0.6773250572701773,0.19387373670534094,0.06036879961660953,0.0,0.3381420023637742,0.0,0.016492107548271313,0,crypto
0.12847938446157764,0.534309881810773,0.16923429318162425,0.15719974856331298,0.0,0.3500786616889137,0.0,0.02401560568125999,0,retail
0.09521162445536827,0.5646949010387186,0.3711454265194827,0.07131866158601927,0.0,0.2867837984385988,0.0,0.02595401135710423,0,retail
0.2517043861615849,0.6638577160573023,0.27615066326159415,0.06625670291505871,0.0,0.349920565579648,0.903461950447292,0.016180897776312386,3,crypto
0.36942995779246957,0.7173966329169569,0.3907871947242428,0.07973628331089934,0.0,0.43611289589179986,0.0,0.028158516204890897,0,crypto
0.5086365368751519,0.4566755926918826,0.893301214038835,0.05714795252816542,0.0,0.354835439738434,0.0,0.009979532763712658,0,fund
0.2665485832656891,0.8846980331447603,0.32659552693544325,0.07359582089278,0.0,0.4110806369910754,0.0,0.027642521986090234,0,crypto
0.010642930291424267,0.40107981648097,0.21395866347160475,0.06846333367310524,0.0,0.48050342473715524,0.0,0.014231081304768512,0,retail
0.0005429161112912201,0.3928325963442563,0.19761814805109457,0.1186521902053547,0.0,0.43716132841942795,0.0,0.01440258025271728,0,retail
0.5572254530522481,0.5505025114660821,0.3488044079378749,0.12740402285225605,0.0,0.3904119264507521,0.0,0.021137294602129805,0,retail
0.026624296965929554,0.9621622778243666,0.8249606808791203,0.019535094509552778,0.0,0.29671004888410357,0.0,0.9221013260938976,1,retail
0.2753554625873879,0.4295550450979153,0.14197480632564727,0.08048160255931792,0.0,0.3808657067175865,0.0,0.02823104975745007,0,retail
0.1560599030512054,0.17109387430670028,0.9432481917452507,0.11644166179059644,0.0,0.32953090844093913,0.0,0.011181211049559358,0,fund
0.15248277160980564,0.751260497237622,0.31818662550584953,0.08744661758901008,0.0,0.3632511280367805,0.0,0.011501556305352082,0,crypto
0.014284107128230352,0.9310531724011575,0.962859914054657,0.0053318094536853764,0.0,0.3968950173823979,0.0,1.0,1,retail
0.2562086195289811,0.41822406046566535,0.386960592010566,0.12066913576414853,0.0,0.4330747922578961,0.0,0.03876795812558066,0,retail
0.3506603030061472,0.6888027479405382,0.3326423365070714,0.06779167298383756,0.0,0.2838236765223282,0.0,0.028136885759566507,0,crypto
0.4229966644759064,0.24988355516569133,0.7797153780329849,0.08140746304850777,0.0,0.5425730894828863,0.0,0.02590274619061788,0,fund
0.03310210182482434,0.5882024496475033,0.43454200461549775,0.1277955987991819,0.0,0.3591027458855052,0.0,0.010103951797414192,0,retail
0.041237838309981185,0.3874213079900352,0.25265738072995036,0.10855649054085661,0.0,0.31562904889071264,0.0,0.012705258976961696,0,retail
0.011263629848658759,0.8070996467205255,0.24171993985870022,0.10556739467090805,0.0,0.21434101008174958,0.0,0.01770120428553613,0,crypto
1.0,0.46281400134806694,0.7556520107514711,0.08247967878335095,0.0,0.3847270806889326,0.0,0.023129741518168517,0,fund
0.10857524325120141,0.37690654697913223,0.3696206364813418,0.13546868284836036,0.0,0.4901252023638206,0.0,0.017311113094451696,0,retail
1.0,0.5893474091258329,0.9227901397935928,0.08447859690417434,0.0,0.9490628211751921,0.0,0.02674280468746775,4,crypto
0.36226775576211384,0.23492642805514388,0.3700942261446077,0.087044422603867,0.0,0.5454415686368893,0.0,0.004653215180172442,0,retail
0.10122180405657329,0.6796032708335278,0.8289842264168469,0.07235536194882906,0.0,0.3880097626590031,0.0,0.025277647609316608,0,fund
0.3729706922048602,0.5222203346207938,0.9444701610070096,0.05688433367497692,0.0,0.9792558138070139,0.0,0.04571372359688783,4,fund
0.0027281181409728856,0.9772630620421341,0.8884959779264832,0.011651595341213081,0.5,0.26453870602321683,0.0,0.9348003963025631,1,crypto
0.4739724353518301,0.2758498769050878,0.8976092696397466,0.11947299524846479,0.0,0.9183614118423256,0.0,0.027563515692873814,4,fund
0.0011362794738770058,0.815390088444603,0.39718226901727355,0.9257966321468675,0.0,0.37314279416907437,0.0,0.6421451662315429,2,crypto
0.3286015904972458,0.47432640940227155,0.9103025266777783,0.11454276123394197,0.0,0.40965177807958364,0.0,0.03312091949749643,0,fund
0.19216879716167573,0.6005574045639954,0.871759157979305,0.06592556839415196,0.0,0.4421549930105433,0.0,0.03620533445165877,0,fund
0.17033218275244996,0.557049463526114,0.26767347107039435,0.11429197708669755,0.0,0.3665036127354841,0.0,0.03454927808325667,0,retail
0.803723454254378,0.41867667644770784,0.7244617067646678,0.061654465910241554,0.0,0.2874671122521422,0.0,0.010767667538890958,0,fund
0.18852933725174054,0.2648315394383667,0.2872304149389228,0.09665435866133364,0.0,0.2596170527539813,0.0,0.01876106021259441,0,retail
0.18081213037461946,0.6994663529163336,0.2341231174218643,0.0293132832176519,0.0,0.47896977601029683,0.0,0.016478270164004095,0,crypto
0.10647576368860392,0.424252042561252,0.376798326969457,0.1280371468142612,0.0,0.336243885138036,0.0,0.019242291727785465,0,retail
0.18425725372211924,0.46218099622171965,0.9586201629265203,0.05818588472525395,0.0,0.981291373560534,0.0,0.019255665708999538,4,fund
0.00750039387318367,0.9663696946927708,0.8566923827123,0.01223319865758543,0.5,0.39438674308330823,0.0,0.8914691049613683,1,crypto
0.9518485163475332,0.5356633382183454,0.5287509508152026,0.12043567343987109,0.0,0.50379248918901,0.0,0.029022546733891916,0,fund
0.23833558993764742,0.19880819967962285,0.4255756125573521,0.053161780933414886,0.0,0.3850502684670913,0.0,0.015602689417258252,0,retail
0.2167379422943957,0.414529623974104,0.4713573990822205,0.11030410997676333,0.0,0.38429910405789686,0.0,0.009058958995015529,0,retail
1.0,0.16283843352345062,0.8713399590205446,0.08141051639371236,0.0,0.4978536760473166,0.0,0.01316568209869877,0,fund
0.13070120610533692,0.23945910088154376,0.35678534737712714,0.05581909040988291,0.0,0.3839366507167413,0.0,0.022869739584539334,0,retail
0.023413333916132296,0.19147823564345612,0.16555494889657227,0.05244044160547406,0.0,0.3196687386598346,0.0,0.012322024348958717,0,retail
0.4823441050664288,0.3046540829028099,0.27248760136529254,0.09689236621917713,0.0,0.27739781264661434,0.0,0.028315427577092826,0,retail
1.0,0.42076126882280646,0.9167102914383637,0.12863325673363146,0.0,0.27440317298741257,0.0,0.020739629640735682,0,fund
0.022454126372029277,0.4515272852986766,0.9194181962551069,0.08289635790616326,0.0,0.28001304709411645,0.0,0.02631446293533938,0,fund
0.28396069509625416,0.9453842174145709,0.21676444268957712,0.09414246669159212,0.0,0.3558221564575223,0.0,0.026329318177555107,0,crypto
0.1797589048373838,0.3159889921416662,0.31646978274371407,0.06912394924701913,0.0,0.44670403009250326,0.0,0.02543499102789342,0,retail
0.06608756503376409,0.5083609653905471,0.2764543277795306,0.08306386762613101,0.0,0.44408541963807263,0.0,0.020388776079229468,0,retail
0.03971761130938798,0.9526513213592956,0.9050828356998184,0.01031808879975085,0.0,0.4656385950616981,0.0,0.8744858761308224,1,retail
0.0545429372889352,0.35258544188765434,0.20717305485835494,0.09783106426769508,0.0,0.48321647425789305,0.0,0.019052466264215976,0,retail
0.24488818950558514,0.3310459678919634,0.8494955517561525,0.09254757664358002,0.0,0.43203296233907496,0.0,0.01774286352430667,0,fund
0.7946326935948816,0.4003414751178411,0.16401438590200806,0.10238760698081661,0.0,0.45163873449128605,0.0,0.0416325472330546,0,retail
0.06663157256061371,0.6953579629258599,0.2670085264866526,0.06946577918537483,0.0,0.4885910742670971,0.0,0.025571786606692487,0,crypto
0.7854135561854674,0.3296105349699566,0.9758513988677452,0.06786002530078862,0.0,0.9295362619043245,0.0,0.02174639269367828,4,fund
0.051697176446659936,0.9466288825187448,0.906830238585228,0.007715163382112875,0.5,0.5380333020044373,0.0,0.8954803287252766,1,crypto
0.38511730037153175,0.2775064949811048,0.4298659734164335,0.08323039609179815,0.0,0.46672685748866427,0.0,0.015052966310822175,0,retail
0.009615051902006438,0.9832027390689648,0.847720699182225,0.01121669724661346,0.5,0.45066140018428613,0.0,0.8903505576857468,1,crypto
0.4051768389445332,0.4352055396514297,0.35024221291904123,0.13162490891358603,0.0,0.601243696629938,0.0,0.0034358629452484364,0,retail
0.05735469523320893,0.38413445041314137,0.6813358482634952,0.06889371731560251,0.0,0.4018646080708696,0.0,0.0135002678813653,0,fund
0.9553635233589837,0.493722362153485,0.6969282497198477,0.07850700471052746,0.0,0.4299982350671767,0.0,0.012426004831016909,0,fund
0.1352952026818662,0.4128104414910789,0.2318948342525119,0.10521930646966172,0.0,0.34779008165580877,0.0,0.015538165667852204,0,retail
0.09967849941714345,0.2110459269054469,0.547227946227266,0.06512401465978146,0.0,0.48188172179725286,0.0,0.009063710539366051,0,retail
0.3185049454770701,0.4939848103529688,0.38460135446712684,0.07029931363141374,0.0,0.40380828414514813,0.916412174927699,0.0052749162195899115,3,retail
0.43752785614360995,0.3752822617479403,0.7318015752002202,0.04995139970315254,0.0,0.3775119765691236,0.0,0.037976865268495225,0,fund
0.8542677108260367,0.464084286126701,0.9511587970227549,0.08398342094792466,0.0,0.9565613661927096,0.0,0.033831450008722744,4,fund
0.9178847226987743,0.36645878563058093,1.0,0.09954227842781067,0.0,0.5581235418982582,0.0,0.033514784294735075,0,fund
0.14947956279175392,0.7464134660223303,0.263047838317777,0.08613648188272237,0.0,0.31747390025038735,0.0,0.014707017624537803,0,crypto
0.008928702802332428,0.5688778989824884,0.4198444952831686,0.0653090157641507,0.0,0.6475239212496762,0.0,0.018243986992889673,0,crypto
0.006226423304723896,0.324038115895169,0.2742623462576655,0.029942477783672324,0.0,0.43193784980842237,0.0,0.02647195939702741,0,retail
0.0008950535862856939,0.9582443680448787,0.9284354505505464,0.0022823109408244384,0.0,0.4277922109313863,0.0,0.9526777425293025,1,retail
0.17946942438818186,0.7439302757681471,0.4476540349725896,0.12140274062442355,0.0,0.3499549838792377,0.0,0.02395803533437409,0,crypto
0.16272575501229716,0.3974445929008555,0.9172729019259365,0.09630800463783297,0.0,0.3703508534331115,0.0,0.02771698710648345,0,fund
0.02002186722096228,0.11514573793699245,0.16749235290639528,0.1121915647700938,0.0,0.4837607339714652,0.0,0.017047377672923105,0,retail
0.296978338141433,0.24441013495101047,0.2727604029500191,0.017145274319600445,0.0,0.42033391137969617,0.0,0.017407495574197743,0,retail
0.03812614111824427,0.8353605841506192,0.17034982325191708,0.9794059777452012,0.0,0.26906200069605274,0.0,0.837582696931193,2,crypto
0.07121581283417075,0.3838791531430132,0.7928398740585937,0.07888333290470476,0.0,0.4582103634909584,0.0,0.020519458858072995,0,fund
0.050901349169031065,0.4190937750773316,0.21054367675862157,0.053566785514206156,0.0,0.5292766802670995,0.0,0.03971668750461817,0,retail
0.989284713359025,0.3786864663332679,0.9732454845021254,0.11257599025603418,0.0,0.9392018814574894,0.0,0.049377528471677735,4,fund
0.013995437519259281,0.7986602826682169,0.718992691579051,0.9636754226924608,0.0,0.35249307928012374,0.0,0.7633415695677214,2,fund
0.5345811014598346,0.5105525932957984,0.418703030556038,0.09916190666087554,0.0,0.3085596069815613,0.0,0.03633431532301096,0,retail
0.1041032803545722,0.28536546069813123,0.6386531339731598,0.10793028392983565,0.0,0.3732393994914603,0.0,0.022061909820293265,0,fund
0.017158874902256593,0.9627079386442979,0.8424972206483736,0.01062788226735771,0.5,0.4455960244273106,0.0,0.8930771270286453,1,crypto
0.18823547297513482,0.7015579047581467,0.0980444451022831,0.11214202731121165,0.0,0.5769753047507749,0.0,0.031119877138106447,0,crypto
0.002955136354524471,0.2811513278073568,0.3312079418819669,0.11807531547629388,0.0,0.45581897025195633,0.0,0.051419669772877985,0,retail
0.015585932365208683,0.4033027042965798,0.6843255774948052,0.03401612443212964,0.0,0.5156307751666347,0.0,0.0017593012610706317,0,fund
0.1594413700616086,0.785490037962071,0.39794109008340617,0.11956293847181582,0.0,0.40694873305294427,0.0,0.02916628466157529,0,crypto
0.008902756892345156,0.9302281778569816,0.7948205341392114,0.010899470755767393,0.0,0.39730507784730273,0.0,0.955680091453784,1,retail
0.7555870347888608,0.3396676434778288,0.6413188284404912,0.07597195689927469,0.0,0.3872620897522632,0.0,0.010308003896862341,0,fund
0.06999045811630628,0.45510373022425377,0.24332048269539008,0.09584976302630847,0.0,0.38849233832704294,0.0,0.027962088084525216,0,retail
0.23298665925285023,0.41252245026479073,0.9412177507361165,0.08366892509096852,0.0,0.9699927420225191,0.0,0.020488600703257042,4,fund
1.0,0.2703624080736158,0.8316742058804438,0.12528987375188122,0.0,0.33141804642066197,0.0,0.009417003950408731,0,fund
0.06103625369533352,0.9382788579625875,0.9734026091114913,0.0005390787558816664,0.5,0.30979965298075235,0.0,0.8781003857200476,1,crypto
0.15823908267671316,0.6062220166130089,0.24425082149921662,0.038905910612627666,0.0,0.39293743613189963,0.0,0.04579709337654318,0,crypto
0.5453610857452152,0.33821873207433845,0.9896494383129562,0.13125639109300657,0.0,0.3669980277986284,0.0,0.023899605860299013,0,fund
0.19225595547001567,0.5204068018884884,0.6899220717163316,0.05866104125718387,0.0,0.3530748736349825,0.0,0.01802464774303032,0,fund
0.018311570112669005,0.9646595035852296,0.7750206271898533,0.003351783488803462,0.0,0.27547072233625575,0.0,0.8995088689155073,1,retail
1.0,0.4113400063272605,0.853875599244637,0.052379792207619014,0.0,0.41354886592288626,0.0,0.005862855030950197,0,fund
1.0,0.39799811006555713,0.8383611970787933,0.05260403282655167,0.0,0.3774255536779801,0.0,0.028653169020203803,0,fund
0.05247266204806018,0.9641621735337718,0.8978351158397292,0.006070052697460253,0.0,0.3578024541108915,0.0,0.8467506818576889,1,retail
0.05463892672316017,0.5310073094437853,0.30391639043618585,0.085799920008582,0.0,0.3922981353438323,0.0,0.023653009930217888,0,retail
0.13909116836655108,0.5402072147217843,0.38864481970162595,0.011180709798992439,0.0,0.5180916888576053,0.0,0.03083584900742299,0,retail
0.38232038359179576,0.33319095463569515,0.9130459605462689,0.07475120729913774,0.0,0.9610107163118801,0.0,0.025365098435704038,4,fund
0.13053715522183024,0.4170497235040431,0.391237461396287,0.032068642406797736,0.0,0.35869951872502986,0.0,0.029317760974087056,0,retail
0.031652422209052206,0.6390487797840716,0.2813028697014554,0.08169949774691322,0.0,0.4423754203485385,0.0,0.01929501221940909,0,crypto
0.3663833912075112,0.44865016438262023,0.37257668231630325,0.0662312934252628,0.0,0.26748537078630796,0.8667508082914372,0.03256436342345189,3,retail
1.0,0.4278329061220215,0.3148667457202111,0.06988742086645883,0.0,0.3509277869167248,0.0,0.01697530313511872,0,retail
1.0,0.443693816974635,0.41906462747863416,0.10848662406323971,0.0,0.2812081625240077,0.0,0.0,0,retail
0.005839858845415399,0.9583641322550907,0.8449092128985215,0.0071640379059366086,0.5,0.24448100564118938,0.0,0.8844232849002786,1,crypto
0.06017054080436526,0.3453755551747517,0.33918040054025467,0.035632652936776144,0.0,0.4146687935823325,0.0,0.019846901508270044,0,retail
0.2077425968626351,0.7579291499601088,0.12571756682664245,0.07985114047879886,0.0,0.3688322714512966,0.0,0.02553833331781546,0,crypto
0.28285553785295553,0.3125179619923881,0.5723626491407998,0.08854669677716596,0.0,0.41656750897863615,0.0,0.03142326454538352,0,fund
0.53276518850327,0.2879177634479613,0.3808929200471298,0.05868642350495146,0.0,0.3985320783276715,0.0,0.03311783900207576,0,retail
0.0514861115825927,0.687621041218908,0.3976148358084709,0.07909653598699701,0.0,0.42073744146746084,0.0,0.027930563806574292,0,crypto
0.0024364760019591944,0.82277522598193,0.16528737104703034,0.05085157884468046,0.0,0.49603311263555405,0.0,0.013431057210286042,0,crypto
0.04576461355517032,0.9506970575278353,0.8069308148821628,0.005597690175887971,0.5,0.3884215478971424,0.0,0.9384879741838047,1,crypto
1.0,0.39471400457086997,0.9143879039594526,0.08805776836589771,0.0,0.9671841880091567,0.0,0.02507835756289624,4,fund
0.18252527859655082,0.6761466553157333,0.22209861569663075,0.01503064314787629,0.0,0.47794097777030464,0.0,0.01488549444449769,0,crypto
0.13705478668628326,0.3239599925666694,0.17875427211507722,0.11406455049088311,0.0,0.37200174982764667,0.0,0.025494747924987342,0,retail
0.2813336441646111,0.8213731437725842,0.2859957148057762,0.10665796640992624,0.0,0.4587559226790124,0.0,0.009611981719974442,0,crypto
0.004818435816877039,0.7993307692173481,0.9729891154519836,0.9707283346479009,0.0,0.4257992572538254,0.0,0.7160640782377511,2,fund
0.5354679027420194,0.3059851085563287,0.6100823612084533,0.08235288197055929,0.0,0.5449100022931985,0.0,0.026235488569016373,0,fund
0.41933941964990384,0.5806845353901267,0.27671065867629013,0.11980428260125972,0.0,0.4197621314884091,0.0,0.025391321031828055,0,crypto
0.3219585637803497,0.7341629219369114,0.32606628331504073,0.03798476119175171,0.0,0.45758698326971126,0.0,0.03446503935946578,0,crypto
0.03403142683542813,0.9659560534609883,0.8817120571529611,0.012376427946599457,0.5,0.4189139741009959,0.0,0.9092605095718229,1,crypto
0.3571884363062217,0.06483894830953219,0.8589056947405868,0.09016161508608907,0.0,0.2640920640157084,0.0,0.03457195759956246,0,fund
0.03929365045250907,0.358380599726986,0.1819217937349661,0.10941454998561717,0.0,0.3795294913863575,0.0,0.03792155910760632,0,retail
0.16487206412057612,0.4081100244040022,0.5061503576636398,0.11625098691779427,0.0,0.481925002064917,0.0,0.02592526949201183,0,retail
0.0777534604008388,0.6007657160125148,0.33858843830843255,0.11202797902437471,0.0,0.4678663600301064,0.0,0.020815630349843656,0,crypto
0.07955676306647307,0.5306557461764347,0.21567393957062572,0.07594271313103906,0.0,0.4384047664069347,0.0,0.006345379778078197,0,retail
0.14174034865841817,0.9311316896998324,0.8925046994658404,0.0143785793120049,0.5,0.5816692224828437,0.0,0.9142466750889937,1,crypto
0.004897838254106064,0.7048674838326825,0.24722231357540606,0.10314316975747473,0.0,0.2483228126954169,0.0,0.021702983621623942,0,crypto
0.38309483935941696,0.34165876441318704,0.1699098243485874,0.03799384869892673,0.0,0.17550263124011656,0.0,0.026938557630079216,0,retail
0.03067621300041204,0.38971644797756005,0.7725771642945469,0.05002061727049588,0.0,0.39570043928247,0.0,0.028129571123656494,0,fund
0.011749405364967493,0.30236247287166285,0.2107544160643096,0.09065067363264549,0.0,0.38231095237691987,0.0,0.01159718569342871,0,retail
1.0,0.3077169810273167,0.7282176613948278,0.06546917167182933,0.0,0.4842445946412304,0.0,0.04033305298603465,0,fund
0.10589828438371228,0.47368438970924337,0.27186724428817866,0.08200972151674615,0.0,0.44127513741632796,0.0,0.004374541431134572,0,retail
0.7779626983600333,0.3470947322653705,0.3446000094667186,0.058901854323095804,0.0,0.35541751007167355,0.0,0.009359657647989026,0,retail
0.04118817425583973,0.777521198088736,0.26847351557584537,0.939683563620432,0.0,0.35665320098650866,0.0,0.7549343879878377,2,crypto
0.46924710959392824,0.4239308466820346,0.9429324262712855,0.039863795263693026,0.0,0.44412474161699395,0.0,0.017633578144689542,0,fund
0.5913056057278443,0.5150290530916162,0.2551619780946118,0.14030027867900005,0.0,0.5415889936541574,0.9208317483070163,0.00965627172076402,3,retail
0.010670994701689867,0.6271997058770865,0.23715151361039533,0.09807431628318447,0.0,0.34327730306682364,0.0,0.01489563947573033,0,crypto
0.0029665097465389617,0.9903793222223972,0.7858530335350853,0.005390645141983689,0.5,0.43038942805672653,0.0,0.9505831350935385,1,crypto
0.04723000329652422,0.9874659555243509,0.9040024032857324,0.007763390521706244,0.5,0.2535385241284107,0.0,0.9512406544694045,1,crypto
0.10315296695359102,0.49825734636277774,0.8656360869828549,0.10501422017478095,0.0,0.36577954503625987,0.0,0.017344531619815765,0,fund
0.13539978978880546,0.44834254881146035,0.7044877420650647,0.09270797196780384,0.0,0.5650019935394517,0.0,0.009324670857457272,0,fund
0.3510904926577783,0.31406597163006894,0.9215133833978018,0.07972740275821233,0.0,0.9427615924396835,0.0,0.023675223025093707,4,fund
0.14990102293170063,0.436354594068736,0.35796331732135755,0.089773889497465,0.0,0.4155507441261869,0.0,0.016468337071893116,0,retail
0.07033457539883808,0.4276709043904985,0.37321405634851157,0.046710634864377286,0.0,0.33281398020382663,0.0,0.021341851741777194,0,retail
0.7469060890411702,0.41127878626290937,0.7434715223600918,0.06767874022692749,0.0,0.3469828982509656,0.0,0.0,0,fund
0.3430947346751447,0.5582496363580203,0.8513495476921016,0.09287993065459706,0.0,0.4305953134255439,0.0,0.01510905214081093,0,fund
0.009824974181362418,0.977517323463679,0.9006273000526919,0.0003194234316068918,0.5,0.446935504118022,0.0,0.9050338787847743,1,crypto
0.2880701179976232,0.845795523356569,0.24843359661577885,0.07403782891950131,0.0,0.42401244679965805,0.0,0.022822076428899347,0,crypto
0.4931894927318282,0.474656009568107,0.7867366253617427,0.05076412085988076,0.0,0.48856645354295786,0.0,0.018796188360464018,0,fund
1.0,0.38124658799451266,0.7057434608556935,0.07334417288614081,0.0,0.4337347574611556,0.0,0.015647777671993716,0,fund
0.030243062429497376,0.9205661711465862,0.8368913148568079,0.0014989756272596692,0.5,0.44554875569379504,0.0,0.9211321213866768,1,crypto
0.211642031967142,0.5050110596108914,0.7136048778579195,0.0928493888742049,0.0,0.4719308570949994,0.0,0.029024692225017835,0,fund
0.1515655244625927,0.7214450833971641,0.249516943515505,0.10385214850417351,0.0,0.26991911265787577,0.0,0.01504141589263187,0,crypto
0.6557968586804209,0.30726468658094264,0.9700313827770142,0.1092559288934729,0.0,0.9237993519345484,0.0,0.021895816165987434,4,fund
0.04478730653297565,0.7492790561416001,0.7862551485372309,0.9756574048716269,0.0,0.5289822606390917,0.0,0.6727601611336755,2,fund
0.23496424436195346,0.40301615725351253,0.7104001193185498,0.05207356417419788,0.0,0.42825659156062745,0.9562743078050294,0.019802146847850345,3,fund
0.38375628994032523,0.3784501797680131,0.7779805372992042,0.01796435820692023,0.0,0.4361626675668615,0.0,0.007599397075294157,0,fund
0.17874321419561257,0.5159015244897157,0.3121117998337205,0.06545098887503087,0.0,0.46203563766104744,0.0,0.0,0,retail
0.02724184058527609,0.2558867380143397,0.882932482392816,0.06254486504248938,0.0,0.46797734051236894,0.0,0.014247102900972301,0,fund
0.14161640594394923,0.39814419942339324,0.4076146312640013,0.06802664443391751,0.0,0.3477682582070751,0.0,0.006222992268831476,0,retail
0.18725033352635054,0.21420079583755958,0.3921247684910345,0.06372883035683613,0.0,0.41158941317260445,0.0,0.013852271348430818,0,retail
0.6566982442358598,0.4587929742734392,0.9085593676408172,0.08580187349485222,0.0,0.3345106656316339,0.0,0.029197476143279902,0,fund
0.8314185581789459,0.411391962810077,0.9782078318061482,0.04804445947749663,0.0,0.4647188412026381,0.0,0.02305319779547066,0,fund
0.2021730619852085,0.42067240472449946,0.37589386001219477,0.09144615687767993,0.0,0.4509277060657464,0.0,0.020583510042854775,0,retail
0.3289444113862426,0.3255215793273473,0.787146248856107,0.02354452863507083,0.0,0.3561020073807231,0.0,0.020928449011411148,0,fund
0.0024237656076604892,0.9716721215966037,0.905900782728807,0.010657292003906103,0.0,0.34818495794532556,0.0,0.8436122492186613,1,retail
0.17315106298538507,0.7464980829741081,0.2640977436144214,0.0869638553557601,0.0,0.3782057839004567,0.0,0.019250891553449813,0,crypto
0.14335743796474495,0.4448780518566517,0.19703653176721236,0.07536603443396071,0.0,0.43444581376752395,0.0,0.0,0,retail
0.014882625955254906,0.7334499201778117,0.13165618077790495,0.055823898005114336,0.0,0.47718813064779664,0.0,0.036155828235482315,0,crypto
1.0,0.30618226245722946,0.9352810772439728,0.04655756878025333,0.0,0.9246540529377885,0.0,0.018857120443981145,4,fund
0.04618375603423862,0.7230166740363341,0.8560919447941239,0.9302744594009941,0.0,0.4557563523608589,0.0,0.7923166349114016,2,fund
0.15196748295141574,0.19610387229945841,0.24837579129908396,0.059704846356525926,0.0,0.3653392093209965,0.0,0.03019924579596974,0,retail
0.12986749626607313,0.3831856181415211,0.7527909422302873,0.020621005688726372,0.0,0.4598328204894027,0.0,0.009272569742601934,0,fund
0.3393883513544777,0.723924686411115,0.3631056518021506,0.0603775997055704,0.0,0.3278330987318606,0.0,0.03060642930486165,0,crypto
0.5815941859919725,0.3552085520313016,0.6724167913430062,0.07909567191437447,0.0,0.3545835372625052,0.0,0.004754787133808258,0,fund
0.006666331477601192,0.7667257292654893,0.4085786324939347,0.9774633886138693,0.0,0.4246440431603282,0.0,0.7400305763047896,2,crypto
0.2823189727682185,0.28274083911472575,0.7094267699137382,0.06038700984053541,0.0,0.3523470964765206,0.0,0.03374438093170817,0,fund
0.08214697952925415,0.8847664766434845,0.3306937707359552,0.9632612213485883,0.0,0.2630048433948549,0.0,0.749381662219621,2,crypto
0.37542276220651866,0.3864745674606308,0.40035665601832854,0.14999733212855904,0.0,0.41538261395192333,0.0,0.039570636405416415,0,retail
0.0660349180642517,0.8723466769099779,0.4425936581479115,0.9628187777118287,0.0,0.3577376821278416,0.0,0.8467412888774991,2,crypto
0.28002018472085083,0.5560435946623815,0.36971028559082725,0.11547361479815912,0.0,0.44676025728954477,0.0,0.024496559066258503,0,crypto
0.30559623637741723,0.3040172003086352,0.8975051095303469,0.0941096693158487,0.0,0.2515329783239741,0.0,0.030967534267999405,0,fund
0.06384410437063201,0.5880435146402655,0.8390613177729362,0.10378798821457755,0.0,0.3890842029316663,0.0,0.003821660944416782,0,fund
0.3093755587296526,0.300197016282028,0.7236568659849996,0.1061875756031236,0.0,0.34960757962252703,0.0,0.018450753981637237,0,fund
0.17505734716237256,0.7700736285132896,0.3172121372335443,0.11607881903142991,0.0,0.3674830223016511,0.0,0.0061713302274577515,0,crypto
0.4390316871332613,0.09804878441791748,0.31838495447536946,0.13401533544532562,0.0,0.499115708235155,0.0,0.022096594152746257,0,retail
0.16045591827028866,0.3508363814367953,0.6915466206707949,0.04951252476625252,0.0,0.31942530449551687,0.0,0.021677258220512204,0,fund
0.009695943297293392,0.9503075796274421,0.8336052641743541,0.010775953419294895,0.5,0.3242006292020981,0.0,0.9330039305867054,1,crypto
1.0,0.31328697842890996,0.31849008169289766,0.0484110476479908,0.0,0.4166119468323274,0.9155058443411848,0.030599405560591507,3,retail
1.0,0.46412503933283894,0.8265362349399629,0.06251724027165254,0.0,0.2048946273378857,0.0,0.01865720837813696,0,fund
0.0338203759971441,0.9421248536705357,0.9620567284510365,0.007948592820145015,0.5,0.4159590353821931,0.0,0.802991428885096,1,crypto
0.023526552421262118,0.39698283333708656,0.42706995850921914,0.09892447547433857,0.0,0.41759337204847474,0.0,0.006739049409531437,0,retail
0.0040307841413469445,0.9467116711907724,0.8569149344892905,0.008300427471153915,0.5,0.44585056421539987,0.0,0.9986881484324996,1,crypto
0.0917054630376678,0.30076417135094863,0.1256151883367102,0.08357055218161924,0.0,0.2779744727813236,0.0,0.00866184404913117,0,retail
1.0,0.46590313488724033,0.7724489709531599,0.10742065877654614,0.0,0.32412441017950916,0.0,0.03411876518894527,0,fund
0.0038420666063541196,0.9696170689827495,0.8128885239904182,0.0,0.5,0.4538288988773456,0.0,0.9102229461484947,1,crypto
0.5037263175608587,0.45910215565598766,0.9991252601643522,0.09067378924782987,0.0,0.4614813691319645,0.0,0.03261933876731535,0,fund
0.04128371647820147,0.9360991267970051,0.8479415261543725,0.012685454165305718,0.5,0.3917396191880762,0.0,0.9020650550684484,1,crypto
0.15323059763915464,0.3624803619676063,0.7682284903243767,0.11844931385011306,0.0,0.44461528485801,0.0,0.008885420430629681,0,fund
0.4737897788058453,0.42465047784320054,0.3438382580128403,0.04904848964199318,0.0,0.4994546749771487,0.0,0.011011868119650983,0,retail
0.03414745578819769,0.9174736129207682,0.8404980482499252,0.008212772885947864,0.0,0.44676581023596545,0.0,0.8927843327295037,1,retail
0.3681558620095833,0.537284847467653,0.9087195184395305,0.08545517111615182,0.0,0.4762937342532625,0.0,0.019552351926134925,0,fund
1.0,0.1624333988907384,0.35982493746299504,0.05714935381299205,0.0,0.42479018276665176,0.0,0.01970565269090509,0,retail
0.7303272025462133,0.9278333029161633,0.2576223588551969,0.03147911149674297,0.0,0.3426688103958204,0.9370354882477214,0.021570545814094413,3,crypto
0.3851339439895249,0.7019147777415752,0.2270920836897301,0.11143738907391736,0.0,0.38072710039251045,0.0,0.004543498603000415,0,crypto
0.1665210775417316,0.39936484432271313,0.4562255131950422,0.09855465141369427,0.0,0.3834017981852902,0.0,0.026286252328412165,0,retail
1.0,0.2730604793384396,0.7529957852240499,0.08797634688956146,0.0,0.36506242111675236,0.0,0.019338673853741776,0,fund
0.01611698440527919,0.7663860863906201,0.15365940415733112,0.9848937609273019,0.0,0.3754061244321392,0.0,0.5967066256267297,2,crypto
0.1649771213331058,0.4014273067836434,0.7046060580603355,0.06778891061219659,0.0,0.45490547655653607,0.0,0.021058944531152344,0,fund
0.11154914847705091,0.7584412980472484,0.3926244321524891,0.06579286298686075,0.0,0.38256383573850833,0.0,0.00889347803750314,0,crypto
0.01029809387371654,0.7337245044158798,0.25945899923862215,0.977737747801946,0.0,0.12228560864492938,0.0,0.7163390565055158,2,crypto
0.042902494241372775,0.4011141563048758,0.8709641290505807,0.11796888606756895,0.0,0.3704963250657732,0.0,0.015214327579838864,0,fund
0.017126571380374846,0.7916401928463824,0.8063179227556517,0.9733233213094332,0.0,0.35164067129759613,0.0,0.8835383003712242,2,fund
0.14784248818677462,0.6434408633237683,0.226848659610367,0.049304134660451165,0.0,0.3176052263275403,0.0,0.012509685290449045,0,retail
0.042420621755888115,0.8106990412978502,0.20927399532388774,0.047485674500394925,0.0,0.5450672964196439,0.0,0.02591108613538543,0,crypto
0.7481727215954539,0.5396848201813328,0.7535595737690612,0.09386182679755689,0.0,0.4626712407426077,0.0,0.017484611139555045,0,fund
0.14945265225715323,0.4253861209014585,0.9568934495677496,0.0693951366139494,0.0,0.3169464682330453,0.0,0.03497368970934125,0,fund
0.14579479326843484,0.6495447562915782,0.3775279396295423,0.038139988212416126,0.0,0.2207460970864202,0.0,0.017062033498592057,0,crypto
0.018581077326878276,0.9699106493816616,0.8615035379595701,0.01248871544545697,0.5,0.41256428843211607,0.0,0.9266369700821785,1,crypto
0.010658067855914914,0.4421586610614456,0.26317747247589085,0.06620807805877318,0.0,0.3246347278750107,0.0,0.024540138017167677,0,retail
0.2596982846840429,0.46336115405758316,0.30879688210528305,0.008261767069275547,0.0,0.39400992494348086,0.0,0.02454183167189838,0,retail
0.9144276812742035,0.34652667524404085,0.825605486428326,0.07030286106433731,0.0,0.4860314756516862,0.0,0.023631193416713575,0,fund
0.24406855282395964,0.7193207422714193,0.43196444944772994,0.13457669549899165,0.0,0.40319491177717526,0.0,0.017620564526529253,0,crypto
0.3030589161016676,0.42690240681375335,0.7521162543991596,0.054116727078706385,0.0,0.4554783129531195,0.0,0.016079873600808703,0,fund
0.014705967284017563,0.7426119526404661,0.28168086542828774,0.03963545491243334,0.0,0.4545647606861441,0.0,0.016076852312660966,0,crypto
0.12749109299108358,0.3577487265577957,0.867631005999758,0.07587937478281569,0.0,0.4807252236837863,0.0,0.018145705323469263,0,fund
0.30627312971666676,0.34641985369477024,0.1292642042407053,0.046504266801540226,0.0,0.4988649296005551,0.0,0.018441018220633324,0,retail
0.2226309937390083,0.3451712703509399,0.18145376464048996,0.09562904496724486,0.0,0.5216271389847602,0.0,0.015052190542331166,0,retail
0.5669692593418907,0.44049140989591296,0.2957664341801763,0.08339288413460713,0.0,0.32485386097072483,0.0,0.020438749637607154,0,retail
0.32966569381194577,0.43786662342514115,0.6891742538184014,0.030162705118807344,0.0,0.333718765109,0.0,0.01337215521205634,0,fund
0.19922944658805217,0.5871747818693924,0.34892559169994447,0.08857069400801597,0.0,0.31466231129390276,0.0,0.018833700675996056,0,retail
0.20911185616462635,0.6276912270364137,0.4189911397241168,0.1104102722163159,0.0,0.2740016424453581,0.0,0.029260623778119662,0,crypto
0.4021258834987981,0.7551476275239523,0.3340589216400497,0.09172087762784432,0.0,0.29388222973511335,0.0,0.030473177066214482,0,crypto
0.17489835021813427,0.5169589992427774,0.2672881803411188,0.031293342859306,0.0,0.39121843969470865,0.0,0.02497485257305658,0,retail
0.2689600390219507,0.46462973694035725,0.1882330072988006,0.1309889724993274,0.0,0.39890271205069855,0.0,0.02728048862429841,0,retail
0.050762512067658395,0.8403765499909406,0.25632357627617824,0.9405351537325493,0.0,0.5399667123364337,0.0,0.7787346439353664,2,retail
0.08800231465625948,0.7567941743075132,0.2753690244633193,0.10093330703033637,0.0,0.28743008039522977,0.0,0.016281268391445936,0,crypto
0.016926299365638994,0.4499685110302934,0.34720022709192744,0.08227865803748262,0.0,0.45941459346877783,0.0,0.024822489526806574,0,retail
0.8789752450991193,0.2762337577672702,0.3977568032161546,0.05741465691842828,0.0,0.28991661889685166,0.0,0.01660398365511633,0,retail
0.06262828971717277,0.781034501553631,0.2730358374703139,0.11320894298907924,0.0,0.45129493299288564,0.0,0.04141383118511077,0,crypto
0.3587240007626751,0.6249397102418784,0.6260491080691424,0.07841311983751988,0.0,0.4306289833297159,0.0,0.015205752582840688,0,crypto
1.0,0.3612869350210486,0.9193081667780747,0.0807616526162723,0.0,0.9650412068541055,0.0,0.019861622539057627,4,fund
0.3153374688156639,0.36238676190258645,0.9487727035658267,0.08255843953897216,0.0,0.4647114336084808,0.0,0.025464637641476624,0,fund
0.06826930429688594,0.5914849473442201,0.21745894700210447,0.16847283275926175,0.0,0.49957436645894293,0.0,0.0064892563379197864,0,crypto
0.009502978297026768,0.9352292914899762,0.795397710027452,0.007626511151814706,0.0,0.289107364471581,0.0,0.9413247406159937,1,retail
0.0335931243674867,0.9571804030511187,0.8777756323171124,0.005406567442569528,0.0,0.5272723923923615,0.0,0.8833053274557966,1,retail
0.39751458123947286,0.37049100857620937,0.4461738133534894,0.08483154435789765,0.0,0.4299422544384916,0.0,0.0016149316819744977,0,retail
0.10873198566904074,0.3718980352728415,0.8424966116247545,0.05661031158617871,0.0,0.3769685594846965,0.0,0.021057494794443528,0,fund
0.011893142557536308,0.5472780077528625,0.16223824992457625,0.06305677987487174,0.0,0.4817106636343519,0.0,0.040884427728699255,0,crypto
0.025698895154925905,0.9108311691573072,0.8478899302843979,0.019657195755635282,0.5,0.45184706917283274,0.0,0.8959254642253738,1,crypto
0.07281655194312837,0.472441047143353,0.874908984425307,0.11326365147426096,0.0,0.44298525260353633,0.0,0.03334350325949299,0,fund
0.12858780291350486,0.9028628924269873,0.39584765276047545,0.04710792541545796,0.0,0.46705895036569123,0.0,0.03244498076021058,0,crypto
0.05154391213505235,0.9416999683532976,0.7235141894697269,0.009815932469108586,0.0,0.4835352871032692,0.0,0.8920609393969698,1,retail
0.0023098469427037488,0.9388051505280903,0.9100039478213431,0.0075404877624689745,0.0,0.4035414378679291,0.0,0.8249378917583251,1,retail
0.2613006086985116,0.7619711445966135,0.4546090168234707,0.10433429777329734,0.0,0.28377632832893235,0.0,0.006028420017819225,0,crypto
0.04179920582721129,0.9582929597020956,0.8541913313964681,0.01705229572601752,0.5,0.5210407412803191,0.0,0.9163905118383799,1,crypto
0.21722844103665118,0.313891208982643,0.18508451157602024,0.0317056563890994,0.0,0.3609296142989599,0.0,0.013105221752164286,0,retail
0.21234004211178512,0.7190635591265024,0.3941310580767483,0.04902428289417382,0.0,0.43183416399574476,0.0,0.0380930634973311,0,crypto
0.5327749512197361,0.37819541046076266,0.8389600394794567,0.043142044528885745,0.0,0.47540548388289516,0.0,0.028604560484222035,0,fund
0.02869339322580148,0.21817595660028524,0.09262538128134626,0.07754986907444049,0.0,0.44347036551558056,0.0,0.036306677772375645,0,retail
0.01234080317687602,0.7237035140613702,0.18244053943751481,0.9723574960092913,0.0,0.4477782574602708,0.0,0.8335611188994768,2,crypto
0.46770202997539156,0.753717842762576,0.37393058408322966,0.10449017467815032,0.0,0.36714922464153593,0.8975357185984735,0.014926163182539014,3,crypto
0.021658812097027903,0.9412104291963237,0.9316427093636646,0.006652621874554283,0.5,0.2913742030369957,0.0,0.9110088515503132,1,crypto
0.011486363424579754,0.9627690187032912,0.8352040789491557,0.015496886940912256,0.5,0.3847577305869058,0.0,0.8587306168081396,1,crypto
0.02609297822951457,0.9853754356651884,0.8253928242401999,0.0032299082075079796,0.5,0.41994468765133836,0.0,0.8778723126626046,1,crypto
0.05920821884022814,0.891420972705978,0.8850924642746046,0.009690236269509517,0.5,0.5776014987538611,0.0,0.9261796996028482,1,crypto
0.22635003501952658,0.4005833546665434,0.3558291674755797,0.07518886998252655,0.0,0.4001103720806388,0.0,0.007232270478689134,0,retail
0.7318459109694664,0.40951565226824643,0.2251453865379262,0.10250860730242844,0.0,0.44793855576903735,0.0,0.0066399163336454195,0,retail
0.6611396761867291,0.3610837682914033,0.7664862218828549,0.09027013503468864,0.0,0.524332833657182,0.0,0.028539759765522237,0,fund
1.0,0.4438662206351085,0.8134472842062913,0.08643702210120544,0.0,0.47752186988950307,0.0,0.024446193724014124,0,fund
0.5391296962396095,0.5040909350306113,0.7534194430881838,0.07547486865299914,0.0,0.3940841947513286,0.0,0.015483405238403773,0,fund
1.0,0.4810080651909186,0.924896933225164,0.08125168133647094,0.0,0.9549188760364229,0.0,0.03212820985031867,4,fund
0.11108099569792407,0.9568613401785186,0.8654225054165757,0.006668578997450466,0.0,0.35868562848899427,0.0,0.892892240915464,1,retail
0.3799171093019808,0.35088462528578956,0.771512450663033,0.0723146074251386,0.0,0.3806802043303377,0.0,0.01938235800139871,0,fund
0.013170024575134949,0.9408775834505162,0.8590713310056985,0.012975147329177823,0.5,0.3694780688646742,0.0,0.8777030778756671,1,crypto
0.011205471359869624,0.9701600389449009,0.8419631279344068,0.015179236524338093,0.5,0.30260831048085873,0.0,0.8983697660061352,1,crypto
0.10846576073901444,0.7189231979905928,0.47388513518533315,0.07036271701646266,0.0,0.5466045634783362,0.0,0.028141517621182666,0,crypto
0.02035184032005416,0.9485051166369967,0.9123445857767359,0.009689979953169841,0.0,0.36004925611269034,0.0,0.9380579710823235,1,retail
0.719452106474287,0.3633492979631948,0.8433880850900233,0.0011964122794786841,0.0,0.40343457961715307,0.0,0.03344676120102133,0,fund
0.13452169506290643,0.27667311737031236,0.36607233944637485,0.01709972904290613,0.0,0.469103345965573,0.0,0.011076746098115533,0,retail
0.8333683486171214,0.440208825820294,0.986828493972972,0.11519097601477121,0.0,1.0,0.0,0.018036724439746278,4,fund
0.2815686478528989,0.346768773407021,0.9195139179833436,0.0834851925222965,0.0,0.3324081237271621,0.0,0.024015606083877185,0,fund
1.0,0.44683155849391387,0.9804797518883752,0.029946837382921157,0.0,0.9932288202745678,0.0,0.026244194122565522,4,fund
0.2774715964639595,0.3858198375003913,0.18161148239475003,0.05856358974587389,0.0,0.37906359458574185,0.0,0.02829129827336114,0,retail
0.539498507059383,0.3972668065893907,0.3742152804376457,0.10996449934334453,0.0,0.5097693477257897,0.9343894705742984,0.02607245453683406,3,retail
1.0,0.4168706261095203,0.7400633506159682,0.0466998928434222,0.0,0.5928038919525707,0.0,0.022214916232783946,0,fund
0.29704864341796267,0.43051067332407295,0.2090398923806711,0.10168958789357664,0.0,0.36370067097293374,0.0,0.026492287903050984,0,retail
0.12535302511597765,0.47573934689773895,0.31311900903438833,0.08259285551235306,0.0,0.4704857258898091,0.0,0.03556000571839204,0,retail
0.8336266239551738,0.4325014136256542,0.7553757325780249,0.10262249510871416,0.0,0.31053806763477765,0.0,0.027428594795772317,0,fund
0.22967898648318733,0.41138694003096843,0.7567876290675947,0.1269385922348225,0.0,0.38025994703209,0.0,0.015314310772018003,0,fund
0.006113259594525442,0.7091752484448373,0.3252240396426677,0.07651312870634126,0.0,0.41717705465364213,0.0,0.035781180575621845,0,crypto
0.579944290876689,0.49854496856152186,0.8160978947179,0.1560054849603958,0.0,0.4541717493086105,0.0,0.017546994586674695,0,fund
0.6801343849308458,0.1939301485336086,0.8579007700149264,0.12169892205812607,0.0,0.37569921747841806,0.0,0.01294962519860339,0,fund
0.0054055671454128615,0.9659520569999951,0.8006537337915673,0.005598899045888364,0.5,0.28892878873826444,0.0,0.8495874283462563,1,crypto
0.13923754380319783,0.38131038418380153,0.13695267562848595,0.11617983549640448,0.0,0.46219258822116094,0.0,0.02466670981966081,0,retail
0.024387639912655638,0.852100622715938,0.4106850182189822,0.07657822482882931,0.0,0.46716748365337646,0.0,0.010311683684532471,0,crypto
0.020935695928863476,0.7753622394402961,0.35939267344226444,0.9844616613419065,0.0,0.47391763668675235,0.0,0.7292916479704135,2,crypto
0.39910612795580547,0.4348289330099759,0.7267531542988346,0.10327301652209529,0.0,0.5097649139159749,0.0,0.0019444273858298458,0,fund
1.0,0.5373807827427105,0.8903533769131511,0.11754369265442793,0.0,0.9407990740944107,0.0,0.028098893216611166,4,fund
0.058589253321077284,0.3758656225593495,0.3168401956935473,0.07373000117918803,0.0,0.348757643479401,0.0,0.021744592948367024,0,retail
0.18069828842524183,0.3163711881274613,0.34233419486085753,0.1424229771211757,0.0,0.26045354245773944,0.0,0.02582244477563761,0,retail
0.11017261161289907,0.33021262313841127,0.3757266933535405,0.08069988525941532,0.0,0.36259205276040035,0.0,0.009235027315903581,0,retail
1.0,0.4221286121730533,0.7906363811260829,0.1197738994262657,0.0,0.29702691451326,0.0,0.006028818148870088,0,fund
0.16297736554956427,0.7282788696483676,0.270928925664678,0.10091195822043161,0.0,0.380866689594477,0.0,0.007102344182349401,0,crypto
0.2869991398113507,0.4266986985527651,0.2285485467594261,0.10690923315861424,0.0,0.35733562132577035,0.0,0.022256981378115232,0,retail
0.006640854301125658,0.451167264658701,0.23417515876661515,0.09360526137663402,0.0,0.32141647725962563,0.0,0.020589842215895975,0,crypto
0.23695993477876157,0.4446872500802698,0.9522835156577687,0.031697856577568705,0.0,0.9633738265067886,0.0,0.03345803267362869,4,fund
0.4590431803105104,0.3935938961466111,0.3529893154883773,0.08623882792041158,0.0,0.5313820846032351,0.0,0.002386332225266956,0,retail
0.04012452908755844,0.7299907438367262,0.3317453261250175,0.07001418786852466,0.0,0.39252905128800414,0.0,0.014706678875516292,0,crypto
0.020125249058677644,0.31230695492163457,0.18852160952834845,0.012316030775211664,0.0,0.34694452412997134,0.0,0.008503708010491861,0,retail
0.007916752741484376,0.807593880480697,0.7266967004476012,0.9850962388693834,0.0,0.4620124395227827,0.0,0.7314296545161236,2,fund
0.04255350505635326,0.7887171648390966,0.2943411511100104,0.9582878382105751,0.0,0.24391185087691003,0.0,0.8706106847130948,2,retail
0.01817624862423199,0.9464356103922952,0.7817876122391044,0.001152707023417028,0.0,0.519058825349558,0.0,0.8750145342930354,1,retail
0.19497124051080755,0.32849781319697574,0.19714234744938744,0.01255571339623511,0.0,0.5009054481480038,0.0,0.016721764736573032,0,retail
0.0053386213455731135,0.9425267584347166,0.8246364294703094,0.007030484139898489,0.5,0.4838965701133251,0.0,0.8957511402463195,1,crypto
0.0019468211599734599,0.7433885480001643,0.3671886574951556,0.047028115382850545,0.0,0.33503320544451487,0.0,0.01029247712436898,0,crypto
0.012776696836060659,0.8412447401591421,0.5429144322012154,0.11900939576406777,0.0,0.3552214470287915,0.0,0.0238242656173511,0,crypto
0.01037934872196247,0.8210243500506876,0.27309834535851774,0.062275487037925854,0.0,0.45240324910254315,0.0,0.026356615967509607,0,crypto
0.04294814464177768,0.34512508665851815,0.31417854204602697,0.06488241585877211,0.0,0.31939194442719754,0.0,0.01027079114008753,0,retail
0.042431122663409426,0.8054704235916486,0.7625177943378194,0.9721688413894838,0.0,0.2694979347631244,0.0,0.8071455148698923,2,fund
0.06244260013969706,0.2845637331767016,0.12481711932482806,0.06830228880321665,0.0,0.4126442791936106,0.0,0.019033763299851104,0,retail
0.0468938833641202,0.9528668776519178,0.7935688501493652,0.01233913362617979,0.5,0.4689946727644286,0.0,0.9832507851506689,1,crypto
0.18935594786009732,0.48929538701087694,0.9829620201716087,0.06770940222111509,0.0,0.456985772766413,0.0,0.042816518365388426,0,fund
0.24054152025099557,0.33823583230663035,0.9144606282050091,0.086291398975921,0.0,0.4742436056804554,0.0,0.025428283512706765,0,fund
0.18486063197033586,0.5330710653126016,0.31598766340141776,0.05401413203919704,0.0,0.1408449820047945,0.0,0.02552567390657011,0,crypto
0.027059937918170525,0.982465263709724,0.8958657580679388,0.0013977719488164377,0.0,0.49467949335119427,0.0,0.9731072393179878,1,retail
0.011134360843569432,0.46836724214169173,0.7944552637886207,0.11481480612182028,0.0,0.29849552739395824,0.0,0.007478255525356602,0,fund
0.5588380034592996,0.4765809491326218,0.7153149033874636,0.11748856715889999,0.0,0.4623479203124266,0.0,0.01960980480622456,0,fund
0.0027553763355231686,0.38143825320820796,0.26782937821785663,0.08227632169879438,0.0,0.37818443342780317,0.0,0.034432895536319424,0,retail
0.6540731154892272,0.17935811516162672,0.8184710474781084,0.10813746612531966,0.0,0.40099994575258,0.0,0.04868403055666769,0,fund
1.0,0.4263569073535485,0.7672947441245904,0.10643369417838577,0.0,0.4561500625046336,0.0,0.028736596768942933,0,fund
0.17552475995310476,0.35027360333638213,0.7765340662453438,0.08431364029776588,0.0,0.38214722926552874,0.0,0.0254360792748013,0,fund
0.003275362834868104,0.6095385625006233,0.41727568452674446,0.09996250471075337,0.0,0.5552973949171,0.0,0.011216769228202611,0,crypto
0.04539941700871707,0.9316745179887255,0.9177721400552747,0.01585099354598302,0.0,0.5228118976006039,0.0,0.9053718598899118,1,retail
0.004455539245812353,0.9018426334614622,0.8467242745470633,0.01163930570375388,0.5,0.313034209874439,0.0,0.8963850387552623,1,crypto
0.07298288982403296,0.7977318516064329,0.4676393027208203,0.05163479360171806,0.0,0.30773195915232326,0.0,0.031373145423647296,0,crypto
0.2682686951387161,0.6210858371607397,0.33456134163853685,0.03266893725101423,0.0,0.43769149998096724,0.0,0.016760801834530704,0,crypto
0.006553850229226328,0.9489219030198852,0.8008848209811342,0.015609289281152353,0.5,0.48362008118984623,0.0,0.9928016288806905,1,crypto
0.009514830798939321,0.965129978556803,0.9286530183032082,0.0019561566839773822,0.5,0.3868636716242787,0.0,0.8613685991944422,1,crypto
0.006319265716323404,0.9600556885379038,0.9398180411463481,0.013530394569075658,0.5,0.3584674141765048,0.0,0.8902927489275186,1,crypto
0.07803592124284381,0.6946574804321095,0.8186487953966951,0.9754169455481715,0.0,0.48698854605727715,0.0,0.6092192623857899,2,fund
0.012808904875619673,0.407857702971915,0.08712659055851876,0.09374504344366097,0.0,0.32162230202265546,0.0,0.00846667596794255,0,retail
0.8509776184712776,0.5312655652889289,0.21891488658593192,0.1465503044903416,0.0,0.3223121454732548,0.0,0.0,0,crypto
0.3728676642455109,0.6444582752582506,0.24577176622373356,0.026097859610658407,0.0,0.5192303576154386,0.9055364567769764,0.011666264412045652,3,retail
0.5805007834006746,0.30083395573663346,0.8689431570515133,0.07636024162074906,0.0,0.3673959983863617,0.0,0.011444327635767207,0,fund
0.061192282030574224,0.9774804268426625,0.7728593428965016,4.338976309894646e-05,0.5,0.41256353977669374,0.0,0.9104206968741502,1,crypto
0.04482154688704949,0.8027882094020751,0.2347490859579276,0.0730720265037401,0.0,0.4547874189865261,0.0,0.010347673991215424,0,crypto
0.416102212476495,0.3388730600805182,0.34359753895000456,0.00403261744340945,0.0,0.4545655592050105,0.0,0.021261779036619674,0,retail
0.02827730835976059,0.9674049798782262,0.8389756922916294,0.008676926483139355,0.0,0.3715453671793692,0.0,0.9647352531539134,1,retail
0.02974278947409112,0.37389538081198476,0.8425843658629829,0.09254617267663917,0.0,0.2579190596761278,0.0,0.03063940987560856,0,fund
0.049224698231514534,0.3942903389163947,0.3733645146681296,0.07090307227871397,0.0,0.3972708077988525,0.0,0.02562344039234167,0,retail
0.049817346708214486,0.6612199891133727,0.410292773274266,0.13805961009795212,0.0,0.5120319835836227,0.0,0.025542247039460397,0,crypto
0.2196356625856619,0.6888491172857056,0.2195033519147439,0.06836900250774317,0.0,0.3669107467496286,0.0,0.01522354417395995,0,crypto
1.0,0.27448646280266054,0.7171072386995105,0.06134895331283337,0.0,0.381481201119983,0.0,0.01987987926700537,0,fund
0.17060021508484982,0.80134558217411,0.31769863114550606,0.0964088328638987,0.0,0.40550765850270826,0.0,0.0410367310306172,0,crypto
0.17793687537922587,0.45963970691176537,0.09351145379531134,0.021523061505042046,0.0,0.45161353002982546,0.0,0.027449914196140825,0,retail
0.26603077558128174,0.4977815549686201,0.5894353058159676,0.11460771029950775,0.0,0.5109079517810275,0.0,0.016978194130173787,0,fund
0.8937782874608189,0.13968629121727016,0.3529016299892109,0.08170863320764694,0.0,0.39796780394040604,0.0,0.00979698452738527,0,retail
0.03945414110476706,0.4620747555279424,0.4040188564792752,0.03787996110856707,0.0,0.6116029432332127,0.0,0.011025084368327904,0,retail
0.029885795846442284,0.9635329587859855,0.9222243744473251,0.006976689662523922,0.5,0.3938110921904665,0.0,0.9330290545178872,1,crypto
0.14758051689289584,0.6449381473397869,0.5077677132919444,0.11108574483175733,0.0,0.5228374759947619,0.0,0.01332692332645618,0,crypto
0.02854552087000837,0.7103772836800436,0.43680984817638124,0.04493776914520621,0.0,0.18983477145534672,0.0,0.014785989081812475,0,crypto
0.5765462282783906,0.47433121295429204,0.9614833209424329,0.061506429640968585,0.0,0.9609354286168169,0.0,0.014632768899169714,4,fund
0.004287791654257014,0.9393709089728156,0.7716070287317272,0.0117335498880246,0.5,0.3790283884905676,0.0,1.0,1,crypto
0.1074045116691772,0.3798179903065452,0.3319886140274509,0.07186384420217823,0.0,0.3510941776624714,0.0,0.013284378994157374,0,retail
0.1599379814379841,0.7112948032442034,0.3579418982898969,0.004674949957956462,0.0,0.39694879316466813,0.0,0.020498027909028327,0,crypto
0.02595234289707134,0.22918149306834096,0.38181728003641163,0.11530568730855742,0.0,0.4387616276382412,0.0,0.004655198685947033,0,retail
0.039881779621254713,0.4838762143909231,0.21680450825055486,0.06085151820414518,0.0,0.3347699497347103,0.0,0.00933765068100775,0,retail
0.17815066848630712,0.4560237039488457,0.2189616305575015,0.1024310634539494,0.0,0.4758965533994453,0.0,0.017457518685872662,0,retail
0.024944058914690006,0.975184664795736,0.9073220435200363,0.005133105809864827,0.0,0.3914116167428787,0.0,0.9402853334589264,1,retail
0.05255389105660968,0.6723364130838553,0.3450891375212515,0.06578405389521413,0.0,0.37073602617651985,0.0,0.020001866646349734,0,crypto
0.2837969191496624,0.5150607550593069,0.2220147053778361,0.11245954427749827,0.0,0.29203390307587745,0.0,0.015847862320947287,0,retail
0.09753236785960925,0.7865952683916645,0.2717423901213542,0.07484847300211338,0.0,0.386242271496586,0.0,0.015983922893428707,0,crypto
0.2613560574436506,0.3845461005770131,0.16271405485189358,0.09054439701056605,0.0,0.2417419800500152,0.0,0.020469349020603697,0,retail
0.22548536784192702,0.2755824887322168,0.9664312387724541,0.0803192672969795,0.0,0.38206158347162017,0.0,0.024842575665943018,0,fund
0.050201813969869086,0.9536334854580694,0.81205475802398,0.02460376282942941,0.5,0.37862989312474465,0.0,0.8634854272894549,1,crypto
0.02082919461473682,0.9745954844904386,0.858024481198674,0.02106265519698621,0.0,0.41134126871688637,0.0,0.8855984292497208,1,retail
0.0010305761804662095,0.6271922902144679,0.21681187565761256,0.07672302709440366,0.0,0.3124707765865594,0.0,0.02755901216596352,0,crypto
0.008723194793713694,0.9730243928157122,0.846765569748374,0.010364370490077577,0.5,0.34224293382998966,0.0,0.9029278796400678,1,crypto
0.01845642857785344,0.6849757011201739,0.3504712365650561,0.06557127588751657,0.0,0.4877360505686644,0.0,0.03423962271769807,0,crypto
0.054763309069869696,0.9562941261510893,0.9109097355877128,0.015286841526891125,0.5,0.43022633769777263,0.0,0.9348878800029191,1,crypto
0.07314342513009897,0.6684913268805891,0.24859169472861403,0.07374982537803333,0.0,0.4727696905135205,0.0,0.01623089675590151,0,crypto
0.05721448405788696,0.6859624941094663,0.33076126681891965,0.06426298958698848,0.0,0.5081762143093715,0.0,0.024240668615184514,0,crypto
0.44991134879952294,0.40394470482407396,0.7630302944028914,0.06904705331778009,0.0,0.3591349739384311,0.0,0.01959060671381162,0,fund
0.013042130024164487,0.3392707815052159,0.05878860949495829,0.11229162618826598,0.0,0.3886328099928268,0.0,0.0,0,retail
0.008897535745959721,0.9516864765448446,0.9325618289343642,0.014482943271180092,0.0,0.3040241977307754,0.0,0.8331100090173073,1,retail
0.04193263202322682,0.9387707128626263,0.8797389297912293,0.011840808475267289,0.5,0.6307385821258917,0.0,0.8630485425522816,1,crypto
0.1436490315600569,0.4767476072520033,0.17665024160550963,0.03531087735691673,0.0,0.5164464654791483,0.0,0.028074618356124452,0,retail
0.49981949237611334,0.37420106948260645,0.2621771897634427,0.05476006514573071,0.0,0.47469922340298704,0.0,0.012965071183468135,0,retail
0.3523901445818413,0.4209390466692817,0.8103438129308107,0.14126228120431233,0.0,0.4221886769571741,0.0,0.01977721020816287,0,fund
1.0,0.4248273932911446,0.924485887586537,0.08865233446148185,0.0,0.9800364970736387,0.0,0.005788468598543787,4,fund
0.05705338419921784,0.3502429161614793,0.9214696753371521,0.04650785660149904,0.0,0.9350560879141313,0.0,0.007117943930174807,4,fund
0.0053840951621013326,0.9265553249312671,0.8307602232913467,0.011443160754491899,0.0,0.3738643029450909,0.0,0.864351322078324,1,retail
0.1664071893249405,0.4319632675917477,0.9870959930877989,0.11909834111948192,0.0,0.9613727409685543,0.0,0.015875861817835197,4,fund
0.00869138893120565,0.4087153940382175,1.0,0.06984260057783136,0.0,0.5263952086354757,0.0,0.03642024215044945,0,fund
0.41991595313468594,0.47536242852719846,0.865497558422169,0.1043239593677513,0.0,0.32049098601321174,0.0,0.024201915428949915,0,fund
0.31513152698665475,0.3377872162743286,0.24463122579703359,0.10704653769724294,0.0,0.4848118164162128,0.0,0.020337253917621274,0,retail
1.0,0.5883082253069734,0.9314779825596504,0.0630346613534706,0.0,0.4957749187697943,0.0,0.005239329082282782,0,fund
0.11967014793265365,0.8662998936994103,0.3210546763441148,0.09618361827068395,0.0,0.4715624173910814,0.0,0.03889994897320516,0,crypto
0.09645824595642329,0.46821359667455814,0.9237653757511999,0.09139302908122689,0.0,0.3225563393191804,0.0,0.016896922946150965,0,fund
0.19316691537339847,0.4721529029457191,0.969319459031544,0.10265357731917676,0.0,0.9159666772640385,0.0,0.028015143188770093,4,fund
0.4302888751777288,0.470163296203732,0.4296063061781396,0.04678529549592645,0.0,0.37075952504117876,0.0,0.018487007797674777,0,crypto
0.01821947844066299,0.42148957538382203,0.15929577864575747,0.08644422568631048,0.0,0.2855185081536484,0.0,0.025657169795528692,0,retail
0.3346099648648623,0.3564836337371801,0.22210603591837585,0.07054709800903672,0.0,0.5500457168027472,0.0,0.03619068481108081,0,retail
0.0713190934446603,0.726153753623405,0.899611821491113,0.9676248853295614,0.0,0.4126209151435016,0.0,0.7391258168115387,2,fund
0.020937594394579036,0.8393515418435807,0.1330132333326269,0.9587184447170256,0.0,0.3333835825115638,0.0,0.7929032727613752,2,crypto
0.4983151884114559,0.21892023994403656,0.34830633592613236,0.02612190345989942,0.0,0.34710594921373883,0.0,0.028655584487572418,0,retail
0.947738564161641,0.46575984817044913,0.8159647769407904,0.09714225163156341,0.0,0.4627825267211352,0.0,0.0262152184861589,0,fund
0.11810207038762605,0.5343490208184063,0.11876654162292777,0.14776481365724564,0.0,0.3457354613987843,0.0,0.04102436676981838,0,retail
0.13694219192607462,0.3743790427860016,0.900947178859597,0.054651756842195115,0.0,0.28007872316332794,0.0,0.01908155235665045,0,fund
0.18994463963287228,0.3385991392928595,0.3936660309846792,0.08127056392302295,0.0,0.44393721460000374,0.0,0.035331641166854305,0,retail
0.33597201261315135,0.500380154833248,0.661706504968322,0.04457289645287584,0.0,0.31944213825584683,0.0,0.016872841999826235,0,fund
0.7814288296677966,0.5518718352716794,0.865839251192249,0.024186560002270797,0.0,0.46913948917873816,0.0,0.014286257475827232,0,fund
1.0,0.41965635476424645,0.6434375543610549,0.11077753957157833,0.0,0.41938778226917794,0.0,0.006538639640440573,0,fund
0.40750594411876445,0.709697017676085,0.285571205736326,0.07013167743928093,0.0,0.4287442064068604,0.0,0.007918211763544118,0,crypto
0.054333937224378535,0.95820859506389,0.8597837031615488,0.00560606555833946,0.5,0.5333649948913741,0.0,0.9433185108407645,1,crypto
0.02753249364741749,0.9750523143923912,0.8301402341927006,0.004488651297720723,0.5,0.34361422632016136,0.0,0.9139024645521421,1,crypto
0.02588850252961445,0.40866976994143966,0.2165686925959428,0.09750328935494201,0.0,0.38772095744248264,0.0,0.0,0,retail
0.13458495493867909,0.1942033246603245,0.33562167098144624,0.03763117040210434,0.0,0.407214610999752,0.0,0.014780932498949706,0,retail
0.14132179337761555,0.45068774563905617,0.34289203981809885,0.09832693021702393,0.0,0.37186998657112613,0.0,0.022954298117217817,0,retail
0.597260975543567,0.19349169537436794,0.9508194367430738,0.017665645404314104,0.0,1.0,0.0,0.036433781558045344,4,fund
0.3870553495138745,0.4377092093742476,0.8701496868118987,0.10380826061108636,0.0,0.4954430867675767,0.0,0.01850960683829818,0,fund
0.42181118762900954,0.3015006874182985,0.8198680009547408,0.07762797974406331,0.0,0.3536700712291403,0.0,0.015191662104880207,0,fund
0.1917940920821992,0.46961679971592896,0.26135447692440744,0.10719697282051104,0.0,0.2973483993242995,0.0,0.03317282807777585,0,retail
0.03467210412247876,0.9511858845414419,0.8041073784052031,0.006772440369553021,0.0,0.41128059837592296,0.0,0.8701048708501483,1,retail
0.39889247089438223,0.34686361331363114,0.8204758882401785,0.10297634838441844,0.0,0.2707290570071622,0.0,0.02299647687837348,0,fund
0.14484716794088875,0.42632029229967605,0.2584311799710437,0.08718468404338339,0.0,0.43197192843351745,0.0,0.031311512782861775,0,retail
0.3006144425606095,0.41029544169889115,0.7585384250223027,0.10832018427984474,0.0,0.3630117980965343,0.0,0.024114483275885903,0,fund
0.45902046832587673,0.3049089270312768,0.33185210047988745,0.05024910009679069,0.0,0.34936957800921664,0.0,0.021893283072923743,0,retail
0.04067915864638257,0.7297244273380123,0.28367735717690934,0.12859473814947947,0.0,0.44505083641346077,0.0,0.0067591317013411326,0,crypto
1.0,0.3629499902492346,0.9517446511939149,0.06809485337766065,0.0,0.9679688772671337,0.0,0.018630650113905956,4,retail
0.3541654498763642,0.4437231097547041,0.8079504732367698,0.0819605178829329,0.0,0.4063805221519373,0.0,0.011407668579035787,0,fund
0.5824264860419669,0.37681738307575247,0.6673801844357117,0.12099418527030077,0.0,0.3958507866555552,0.0,0.018410304607301194,0,fund
0.2413342336620334,0.310714535912227,0.35954908976392574,0.06230315730611327,0.0,0.3894264515484503,0.0,0.020722789653842888,0,retail
0.04550261539929795,0.6867434322655103,0.26274311576235504,0.03675440519108516,0.0,0.3580880137324859,0.0,0.03447010666774807,0,crypto
0.5900989283916775,0.5328390545411813,0.23237587917575758,0.0471690560734957,0.0,0.35294765144098,0.0,0.0341823878290629,0,retail
0.055558038848310023,0.44255357748572666,0.279109146779136,0.057246111131003925,0.0,0.322377857285133,0.0,0.034582044883874036,0,retail
0.011820922307277382,0.28365383681000084,0.39577916144729053,0.08622810054201878,0.0,0.4246141322720891,0.0,0.009044806111544377,0,retail
0.6382550548656288,0.4636155485039436,0.9291793759156761,0.08357890115066052,0.0,0.9435358980539715,0.0,0.022907410969511786,4,fund
0.4814339778304967,0.8088696558617695,0.36188862980231534,0.12915079196812823,0.0,0.4305047689811828,0.0,0.023116528560047783,0,crypto
1.0,0.3485217325085258,0.8243530204186345,0.07818788812409275,0.0,0.4902224200507119,0.0,0.02086110868258978,0,fund
0.09145850016061383,0.8597080091262229,0.2455636418490905,0.9913074534916929,0.0,0.4057059452899591,0.0,0.7542733984727635,2,crypto
0.051619891300968015,0.5686510868309375,0.2515826048751263,0.05101261040740238,0.0,0.38596972352810477,0.0,0.024915056472467837,0,crypto
0.2395979340710651,0.3928462787935487,0.7356675604235345,0.05685364739145539,0.0,0.29779713422936366,0.0,0.021959221483542773,0,fund
0.06620840232600429,0.5869269283216241,0.29021691879000566,0.04676174987255013,0.0,0.2952977350338457,0.0,0.0393438852790853,0,retail
0.1650777113031938,0.7251925363309082,0.21072304741428305,0.12176492015664145,0.0,0.42610158263427045,0.0,0.028962839601306068,0,crypto
0.19093862807365067,0.7021168144414859,0.0,0.09713538218657626,0.0,0.4194925778962172,0.0,0.009097915932005703,0,crypto
0.3985065536329689,0.46878999679959105,0.9284385279681197,0.0680499066760929,0.0,0.9964698293859888,0.0,0.03690023845417943,4,fund
0.5075747658767134,0.37620992482308246,0.8045491476330753,0.09675009269635117,0.0,0.5485317949249564,0.0,0.015182340289065248,0,fund
0.4037481065535244,0.3923610363733167,0.2852480435381944,0.07068893649256115,0.0,0.35190814907232143,0.0,0.02265198635948302,0,retail
0.8874459961309837,0.3353684704230656,0.7603683633431584,0.046072991225172104,0.0,0.3319069487800236,0.0,0.0008978807121353023,0,fund
0.08184748899825874,0.8442005797653515,0.3067405886837803,0.1179130053816643,0.0,0.32028672134669495,0.0,0.02589177834201379,0,crypto
0.005477144333193934,0.3265296963339984,0.816429476537057,0.14588669426458398,0.0,0.43943891668115675,0.0,0.01942482246994537,0,fund
0.004226604452726198,0.9818816426390369,0.8768580250730478,0.0021453597143911637,0.5,0.39269939581346974,0.0,0.8740459126636044,1,crypto
0.01935649001942868,0.8975425901183965,0.3759514887486108,0.9654221406979406,0.0,0.39521390851760774,0.0,0.8251663529884143,2,crypto
1.0,0.3099945767335751,0.8412630623065877,0.061927951335969164,0.0,0.40680976458382523,0.0,0.03594953451405321,0,fund
0.5155848025104502,0.5159381043300523,0.8973101561015072,0.05662721781869899,0.0,0.4162588763668825,0.0,0.015423667506623849,0,fund
0.3335255086823045,0.41856885804187394,0.9453719628782015,0.053072999449989,0.0,0.9688514470712113,0.0,0.03267639376060459,4,fund
0.04440219356979486,0.8206608154863915,0.14728321434103522,0.04834731895469915,0.0,0.4101014188987255,0.0,0.010153452151527376,0,crypto
0.02938493909879408,0.8541867649027007,0.8004499548768524,0.9403155103687836,0.0,0.3820494312086931,0.0,0.643307873393295,2,fund
0.0018851763569767892,0.9155764834942055,0.8041929241709328,0.015233374136404687,0.0,0.3098003120837569,0.0,0.9304085398532047,1,retail
0.3964069643351582,0.8140313415002608,0.5498867386165787,0.011918782125374658,0.0,0.3260563421478697,0.0,0.038140091810749836,0,crypto
0.08122604497079458,0.5199299682223164,0.39411818664199694,0.08575693207619109,0.0,0.5558674115831851,0.0,0.030251091525817737,0,crypto
0.01647275120382967,0.21914140428250975,0.754924789083485,0.06650655188219168,0.0,0.41226629297097445,0.0,0.03942189612693771,0,fund
0.07300019214177723,0.8153701784859845,0.239703509984784,0.9435077549913048,0.0,0.451954437296245,0.0,0.7721280612408945,2,crypto
0.15045519528712809,0.5195480650825479,0.3096676121140232,0.07028202497143346,0.0,0.3900016215748628,0.0,0.011950405798958607,0,retail
0.061607774767732604,0.6718994685969931,0.2801933502475224,0.06936328913908968,0.0,0.6105152324341214,0.0,0.04063247004351908,0,crypto
0.04857943381873153,0.7855386160923143,0.3380391053897901,0.9306226487026801,0.0,0.2896726085536295,0.0,0.8435074845922175,2,crypto
0.012509221290689322,0.9564175302236915,0.8417719515188663,0.013816670754669382,0.0,0.4671731091544951,0.0,0.9204530657664942,1,retail
0.004376652578386131,0.7272569117203607,0.2385096471228398,0.08118037527368917,0.0,0.483923968548347,0.0,0.003464178843751664,0,crypto
0.03074857124422771,0.7947850744311137,0.28847757674478025,0.9473053621946679,0.0,0.4432726814848792,0.0,0.8121316822715318,2,retail
0.30445917962593755,0.39438657170404157,0.7799402185069069,0.09605135575111996,0.0,0.4831149409149147,0.0,0.025305025741679324,0,fund
0.2512795305633481,0.3099409647463939,0.18672150487322547,0.09051110649159015,0.0,0.33245407702535434,0.0,0.021024846421582075,0,retail
0.0140290376376671,0.8586721138316222,0.21973386097662853,0.9545491055727637,0.0,0.47966249827020235,0.0,0.7227521034472111,2,crypto
0.08126383600271903,0.4500143033113884,0.3719924506773107,0.03950041860455019,0.0,0.5971369952799377,0.0,0.023267644776615085,0,retail
0.47442473109138683,0.42004515043403173,0.7680830085397407,0.04178847797823652,0.0,0.4268017036641682,0.0,0.015082621512092729,0,fund
1.0,0.3514465961360502,0.8865862854398046,0.04803992917642232,0.0,0.9668207702101509,0.0,0.01781997191416862,4,fund
0.005393755263266361,0.7747072843846552,0.43985910046261056,0.12672130452210728,0.0,0.4416303780708095,0.0,0.009426021422561026,0,crypto
0.027819545688928485,0.4629980840347535,0.3850079332417553,0.09253042256718202,0.0,0.40859554994727143,0.0,0.0238737148063299,0,retail
0.335170007172965,0.5867224204312316,0.4243234330479464,0.10121558555150284,0.0,0.4783348348471787,0.0,0.026377194971819163,0,retail
0.11312302964476101,0.4449900229409393,0.3630974489831098,0.060995099323864314,0.0,0.3439537738788288,0.0,0.026814693854093543,0,retail
0.013255546154023114,0.7521215522492395,0.24220792231672894,0.9694372467606202,0.0,0.4001060550987526,0.0,0.6793627681242579,2,retail
0.023667856028407933,0.9608807571354755,0.8007800187065908,0.012923198491345596,0.5,0.42161650329906497,0.0,0.7931901601029276,1,crypto
0.019526404677425835,0.8802511859074755,0.4358582869617828,0.06937463733392897,0.0,0.30851524321876,0.0,0.025416456878505925,0,crypto
0.018156339668645695,0.33707324010744555,0.25057925451567237,0.07039146161701178,0.0,0.3282747858076578,0.0,0.012833500901800434,0,retail
0.021688216179345868,0.6311564556055745,0.2739230153743932,0.04284310432895999,0.0,0.3081651345432498,0.0,0.020336013166439897,0,crypto
1.0,0.809048472490764,0.9441457191035204,0.047273102300816945,0.0,0.9556226749652874,0.0,0.018181080814866284,4,crypto
0.11516709296502642,0.476624297504051,0.4069144263935914,0.0567968752439702,0.0,0.4105749175611909,0.0,0.01885282875875421,0,retail
0.12851981311090552,0.3627513878494646,0.3612232686791106,0.03994843713719312,0.0,0.31278657206328264,0.0,0.026473256114622246,0,retail
0.06026299237495394,0.5044561275785371,0.8818803775737264,0.08473872808342862,0.0,0.538468123669598,0.0,0.011650496317123223,0,fund
0.2939536543905336,0.34928522572278387,0.281982644346492,0.08480949286360989,0.0,0.5382945260651446,0.0,0.02654536849827144,0,retail
0.05553039279598524,0.3333690878050914,0.6823037887230032,0.13461631723825446,0.0,0.35468843270282213,0.0,0.028316167861804034,0,fund
0.21455937008670994,0.4875523607178613,0.369513989590436,0.055927184167315715,0.0,0.31523956513236906,0.0,0.012674723161727273,0,retail
0.03826433555246808,0.7995943399194125,0.9364081937465019,0.9631617845064636,0.0,0.3842407481428548,0.0,0.7277964594947559,2,fund
0.4433212685692296,0.8291273839015878,0.3591768823557879,0.10590111385521014,0.0,0.426842098049977,0.0,0.01794534980371275,0,crypto
0.05893787118674678,0.32667349065136464,0.7330196641924139,0.05372829243500438,0.0,0.4918756765226979,0.0,0.007465423867748755,0,fund
0.25272529449536874,0.4022450412277661,0.1773929407183693,0.11859446193933423,0.0,0.4123144154479204,0.0,0.025190360780496263,0,retail
0.14596860192942432,0.6983389657674091,0.2894181242502302,0.06639090837224952,0.0,0.5380981236508506,0.0,0.011126705411442289,0,crypto
0.03917476922080195,0.7771796177235661,0.22010452278823364,0.020586973113019394,0.0,0.41042613933959693,0.0,0.012823846037600228,0,crypto
0.4034986849146292,0.3402474298365544,0.49482443251347763,0.03659203790591426,0.0,0.3952641140473118,0.0,0.005353031263060557,0,retail
0.11650153703457809,0.8314814644844281,0.26010789707833526,0.05885186257305189,0.0,0.46354053425296565,0.0,0.034668244164047686,0,crypto
0.05642446782961746,0.3751384146233323,0.3626613637263071,0.08136691643425695,0.0,0.44987257106239326,0.0,0.027034401331388944,0,retail
0.032371184812373104,0.9154928677383142,0.2926840404018534,0.10285071010777887,0.0,0.3546823599518323,0.0,0.010873354243392294,0,crypto
0.10428708549585355,0.4197649302899507,0.34006918370857064,0.09675879598263543,0.0,0.19022246763672462,0.0,0.007651542863309088,0,retail
0.11236928921098016,0.4957554719021885,0.34682432980715344,0.0793947004489619,0.0,0.4017353644421028,0.0,0.010536220126421823,0,retail
0.8848025624087784,0.5471034690817105,0.23005047798323566,0.04888801779290012,0.0,0.4532295148026264,0.0,0.012038631968135047,0,retail
0.003969428137734166,0.6049936502533872,0.17285888178259243,0.042581220649095405,0.0,0.37647212209554937,0.0,0.022708365158339548,0,crypto
0.0011345864401379811,0.927232372228885,0.861894909440107,0.0071059209294074485,0.5,0.4260271436779994,0.0,0.8568281625328138,1,crypto
0.09125961898537026,0.9977674398574087,0.9092128322598086,0.01361413447492756,0.5,0.3629408690461972,0.0,0.9044719663281355,1,crypto
0.08361118025012604,0.7856095854230006,0.3575060767550441,0.05561362907301821,0.0,0.42906283119071803,0.0,0.012766548312565348,0,crypto
0.20897087062542472,0.46627818860209613,0.3134707468102804,0.07644473834855263,0.0,0.3132743612076617,0.0,0.023577227694722418,0,retail
0.28754619654558333,0.5429187966860842,0.35706948160355445,0.09848677336380657,0.0,0.41387895785816714,0.0,0.02667522112702341,0,crypto
0.15833533342416617,0.31664979602824617,0.21317390384016677,0.08293439879279922,0.0,0.4883146837361526,0.0,0.017437191757484274,0,retail
0.16199146248113233,0.7935825662131561,0.30802509897117736,0.9657964863310095,0.0,0.39020521497572697,0.0,0.7974747007699288,2,crypto
0.05375440909294724,0.46719446078144977,0.33842020720058963,0.050167144346006234,0.0,0.4199638551678462,0.0,0.00816943815265611,0,retail
1.0,0.37472367449038146,0.7230638951271969,0.08445758687249182,0.0,0.39087871078003356,0.0,0.006189926925470022,0,fund
0.08917216969812547,0.7983117609301174,0.26722628497320006,0.9261865674478709,0.0,0.33456583251316274,0.0,0.6717200363306715,2,crypto
0.499653467507154,0.4205014772870928,0.38005538880867445,0.15751420546453002,0.0,0.49990335204396463,0.0,0.022196451602830455,0,retail
0.07337038032077794,0.3689393085100427,0.29481311362300977,0.07591007472602948,0.0,0.5719642610986247,0.0,0.038334845771769814,0,retail
0.6734630917974695,0.5604551495244927,0.22920890593259247,0.07211759756940488,0.0,0.27232848251407094,0.0,0.01260971341976767,0,crypto
0.10857783449466994,0.465233033817668,0.2324626761196712,0.11465901234565079,0.0,0.2888898392293589,0.0,0.023000568255112895,0,retail
0.3726190532410158,0.4554307310957608,0.8962416408283076,0.09376674189085697,0.0,0.36380155520108787,0.0,0.0069315014254498954,0,fund
0.03932948619772642,0.3701179612574341,0.2154326895505887,0.07957703102279985,0.0,0.3949881422302543,0.0,0.022412402484067295,0,retail
1.0,0.09522226876064033,0.7576164578100624,0.03719972314338983,0.0,0.41075300223218214,0.0,0.017400240113317658,0,fund
0.014146763789185243,0.9549557436210416,0.9300649165888794,0.009007577707424694,0.5,0.36252031093117476,0.0,0.8647241351382746,1,crypto
1.0,0.19455597780123554,1.0,0.08964128957244369,0.0,0.3617169359661637,0.0,0.025190622236049256,0,fund
0.012994651341455766,0.6022525363061264,0.3870746644588403,0.10846439289414861,0.0,0.41045520195715063,0.0,0.018584742466330517,0,crypto
0.018484565848781484,0.9702487687365898,0.8083754410884684,0.002967629979827693,0.0,0.2894157912690591,0.0,0.8261996797426601,1,fund
0.04717428562074816,0.7785591130165302,0.23186197649304258,0.10903478072075612,0.0,0.47950257716243516,0.0,0.033739143852114496,0,crypto
1.0,0.3044513502728806,0.9447053273107443,0.08363140849642052,0.0,0.9593929175627269,0.0,0.002855459462748431,4,fund
0.03154971514518945,0.4794096374959444,0.6935779993182651,0.07970465574048852,0.0,0.26491958495452,0.0,0.008799525775301279,0,fund
0.06237931156850799,0.6692758162523726,0.3827160311865211,0.0448104844560382,0.0,0.2612268862773608,0.0,0.015349305509364246,0,retail
0.02587871863837208,0.8191868506308665,0.4332076192716774,0.02416880212003656,0.0,0.40901261510005166,0.0,0.028565884418863506,0,crypto
0.7156776400633327,0.656968415535455,0.19943540136080506,0.024841616705129126,0.0,0.29164968560364857,0.0,0.00883325933289853,0,crypto
0.809421160607202,0.46509221580409693,0.8587391699806013,0.1224256186499327,0.0,0.43579151496551805,0.0,0.014987658922097873,0,fund
0.37395982567659475,0.3497883820135955,0.6992750141544039,0.07846818004655054,0.0,0.3802491682745048,0.0,0.04145036420768707,0,fund
0.9366006042988322,0.4894677142438132,0.29276023759723824,0.11078426133205899,0.0,0.289617407072044,0.0,0.020877794348089687,0,retail
0.8043418816198226,0.49826831427699414,0.9181548429709054,0.0976178724039253,0.0,0.9348186874813851,0.0,0.020828325705181,4,fund
0.00697731835660248,0.9711756134698049,0.8599065825567938,0.012397208458716343,0.0,0.46319357777446823,0.0,0.8972098628308481,1,retail
0.8189474970351805,0.5010162453527155,0.6789317014193124,0.0524143260158165,0.0,0.5159325282717162,0.0,0.020476210199624957,0,fund
0.3512512154068072,0.3826378054715357,0.6527962926973209,0.0387849552530402,0.0,0.5102775701969204,0.0,0.02115824587226946,0,fund
0.0026443171524408223,0.9622815244609818,0.9071837869702413,0.015092267296319867,0.0,0.3550780914228215,0.0,0.8742803043952416,1,retail
0.0429704125842742,0.6787316829779078,0.2885197751240936,0.09700315178552539,0.0,0.3474101956804221,0.0,0.019510349691415498,0,crypto
0.08338267793755436,0.3461165153975996,0.14022038481004057,0.12396729153094131,0.0,0.3617737298100745,0.9480782996652931,0.02289012455532339,3,retail
0.3277361887494377,0.7198773650345228,0.3175584803585889,0.13046787032771173,0.0,0.3415950224597481,0.0,0.024152558283677468,0,crypto
0.5641611052715999,0.34713705083998225,0.9344222655715368,0.07812152544161233,0.0,0.9280121047561137,0.0,0.021892033034742353,4,fund
0.32269188555815553,0.40613271695194486,0.5306152984746215,0.043567469786673065,0.0,0.43649910378938517,0.0,0.036112957669102635,0,retail
0.27042397046466826,0.49659430854722403,0.3232486618419367,0.10704489599428196,0.0,0.36246033298698754,0.0,0.020298669232578257,0,retail
0.06496336879554973,0.7535993516155863,0.3004340865049523,0.9406980065852684,0.0,0.3583198448794239,0.0,0.7787262637874525,2,crypto
0.239866162278658,0.5121861504794253,0.7813321037686556,0.10187190935007093,0.0,0.42809323741016675,0.0,0.023416602319526265,0,fund
0.14792597251143938,0.37286850219317025,0.2936051507319352,0.06940537886163257,0.0,0.483340338321581,0.0,0.01157077667758207,0,retail
0.3883844065912201,0.5729620528791595,0.2561066027655997,0.02293791054360681,0.0,0.30000885510087655,0.0,0.021429496101153887,0,crypto
1.0,0.4226711686340566,0.9863109328297723,0.0734099164294712,0.0,0.9617077722026991,0.0,0.0044462626615875776,4,fund
0.22616004663190986,0.9432099271706023,0.7946554797725179,0.01981398121685307,0.5,0.3012088764699374,0.0,0.9305336649974816,1,crypto
0.46835577700106007,0.24439747212140459,0.9365467091823028,0.07168840699162726,0.0,0.9530816134190565,0.0,0.007907854695168201,4,fund
1.0,0.3233135961995448,0.9423435320570804,0.11086306974270442,0.0,0.9606499972577572,0.0,0.02248325142515882,4,fund
0.005960911944799449,0.7971223039797048,0.6561085305663845,0.9249301728516124,0.0,0.43187978802444504,0.0,0.7248803922953638,2,fund
0.0710284096271927,0.43143735341991374,0.16194012941003486,0.06691533675477546,0.0,0.3793903611591205,0.0,0.01930366546699892,0,retail
0.6591405461027793,0.7190993747770609,0.3042548257990309,0.04169432670676757,0.0,0.4758806834610825,0.0,0.002917538396180676,0,crypto
0.007954215147103587,0.9595901509600321,0.8864470597285224,0.0065382461288310285,0.5,0.40324912695724263,0.0,0.8736384290044542,1,crypto
0.2382769205579953,0.4252374209533607,0.9287979693629572,0.06983375163653044,0.0,0.9532112069640438,0.0,0.0295218374343677,4,fund
0.17289629578266183,0.3249470381846177,0.8746611364602157,0.0897673345036121,0.0,0.582066034211811,0.0,0.011477753570026759,0,fund
0.343515256586082,0.42433938059076953,0.9650682407535991,0.045563272644191785,0.0,0.922455521461096,0.0,0.028584851719195795,4,fund
0.006093349445943623,0.9270229718014142,0.862803993933301,0.016843148110485644,0.5,0.3387103335511463,0.0,0.8600397506976057,1,crypto
0.08345167294462064,0.43258834633502335,0.4620840176903156,0.0422774833826292,0.0,0.3855012292897045,0.0,0.022095292397022074,0,retail
0.9954924649027432,0.4060383147294925,0.9159427238665012,0.02134853689045152,0.0,0.910900529174521,0.0,0.022138087939410633,4,fund
0.057506445117450004,0.2923523190022871,0.2520598286294006,0.10727891679047662,0.0,0.5221066182730155,0.0,0.0,0,retail
0.058069984705859695,0.6621545346422543,0.31494560896633095,0.10312250628856362,0.0,0.5905370825386037,0.0,0.02827236107657423,0,crypto
0.12876519419952592,0.7753433693247336,0.24286284130470898,0.08514796319203864,0.0,0.41945740980488533,0.0,0.014044792096640207,0,crypto
0.2607541593508799,0.4141778370691434,0.24860993733511566,0.04403145806018372,0.0,0.5427820031348076,0.0,0.02013450364619293,0,retail
0.39823797569484426,0.532075012782616,0.8169375051271611,0.09331217873809416,0.0,0.3621379078257405,0.0,0.02531489688146658,0,fund
0.3405173595521378,0.8834820144586703,0.37559960527769165,0.08260292616736963,0.0,0.5786555077320948,0.0,0.011126076098924742,0,crypto
0.11949613674133563,0.4750872779401332,0.36544310271056213,0.10916170897219166,0.0,0.3989356291697092,0.0,0.014001779766801507,0,retail
1.0,0.24412130049761585,0.6651048265694242,0.07074592000370286,0.0,0.23728475064892032,0.0,0.006186151254477513,0,fund
0.32473843366368876,0.31823176033948664,0.6866169643193646,0.0676256296433619,0.0,0.340904200133635,0.0,0.0037299507913325126,0,fund
0.9536785022220605,0.6022590230569482,0.7541292130461641,0.0737422302219107,0.0,0.3871041582138296,0.0,0.026613694631861473,0,fund
0.0848155620622842,0.33949332118852604,0.3734000384813558,0.09083075435428266,0.0,0.47744821310212343,0.0,0.023609860825370817,0,retail
0.15930782244117295,0.2388830536825781,0.7590198756206468,0.10350076131572095,0.0,0.28236083590149996,0.0,0.007372302243014359,0,fund
0.3208388987142897,0.6633470817592926,0.43107605273633537,0.050280968293579587,0.0,0.3206281769045424,0.0,0.038048343656439984,0,crypto
0.33094829834738165,0.38544433014636165,0.35983301738078544,0.028252493121745714,0.0,0.3450450865644599,0.0,0.03392654888284051,0,retail
0.3811126624155141,0.33511270006323157,0.38318276221453,0.05636779517313108,0.0,0.3409601640043101,0.0,0.019761315959952716,0,retail
0.08386863839588185,0.1869766404213082,0.6988196478991229,0.104314924974508,0.0,0.5940313271533665,0.0,0.011659151439788445,0,fund
0.3515657958718319,0.8907297836426553,0.1563908487464943,0.07219473950613219,0.0,0.34748560291087,0.0,0.018198191686271306,0,crypto
0.32336639689225993,0.5371474782140923,0.8446106362507908,0.051924193336328944,0.0,0.33097671714077537,0.0,0.025592636894286355,0,fund
0.5575734181887273,0.5084198244043543,0.3210303040221995,0.08595180551532461,0.0,0.3992654117291889,0.0,0.014822425527777804,0,retail
1.0,0.7217802339748726,0.9273786630822439,0.04955093503046873,0.0,0.951534155166172,0.0,0.02324956701058381,4,crypto
0.10775748906054389,0.3228259185403218,0.9631240665996391,0.0646239766806035,0.0,0.9667307676374196,0.0,0.016528135048877377,4,fund
0.9863497377465603,0.49149333898817027,0.8799806292820157,0.029017431647069526,0.0,0.38236664580014335,0.0,0.009208030551057041,0,fund
0.07594070776789465,0.4613770855789909,0.33754558576272525,0.08502710317402971,0.0,0.49298076780045336,0.0,0.014604087792628683,0,retail
0.2331797964597092,0.4894910556026826,0.2123870272842805,0.05426599422307734,0.0,0.5486342848742147,0.0,0.031596135884252814,0,retail
0.31061107245879743,0.7252155505667619,0.4261013976580008,0.0846996066981122,0.0,0.3664737675245084,0.0,0.02039339126777463,0,crypto
0.5391372494448564,0.5393168637167473,0.3431631629637597,0.10219026404353501,0.0,0.6057596253995975,0.0,0.0,0,retail
0.013544764328101373,0.9462357507578881,0.8067965023955954,0.008796687697812326,0.5,0.4835076795845663,0.0,0.8513357107334777,1,crypto
0.254022304554082,0.49820329162398114,0.30991850899777273,0.13049176809208196,0.0,0.47587343473769095,0.0,0.015249967613829562,0,retail
0.1827642787469133,0.8092102961019334,0.1523536358378198,0.09369507005503387,0.0,0.3799551705105047,0.0,0.013709432686415952,0,crypto
0.32927230894666226,0.41967423237657064,0.9259532625857693,0.061226279186611346,0.0,0.9462042909283448,0.0,0.031411711838537956,4,fund
0.19351750708378748,0.4908812411349969,0.2592028521898747,0.03997517722985027,0.0,0.3773017996437378,0.0,0.025867973779847262,0,retail
0.004854377316126371,0.8885769802420194,0.8888986181733322,0.009146266802508463,0.0,0.3543748745770827,0.0,0.8037504739596042,1,retail
0.07357383535417585,0.4137325575855229,0.9408921560271724,0.1400872202038,0.0,0.3836624505740713,0.0,0.023519553659350156,0,fund
0.010753413155343639,0.7980004184566379,0.3687932972051428,0.061610501861879316,0.0,0.39543670665176467,0.0,0.031839874431968895,0,crypto
0.011996187121381702,0.4208478199798613,0.3599650466913226,0.1210549310391488,0.0,0.3483203211898357,0.0,0.023649621806522636,0,retail
1.0,0.6015726226231196,0.9999239696333503,0.11419925343501529,0.0,0.39187534370619587,0.0,0.015177277897984835,0,fund
0.20329952257899256,0.337134569492543,0.27224863811397665,0.0489107225787869,0.0,0.3837231087135756,0.0,0.01963410025657069,0,retail
0.2894684636434296,0.4659649998082371,0.720114769893742,0.11171410306402788,0.0,0.47616241051498415,0.0,0.04349099258787779,0,fund
0.2881880534235472,0.6626631574996915,0.2499802182904004,0.07490442926966809,0.0,0.5309391969464512,0.0,0.018166992904738027,0,crypto
0.6786205840680546,0.39802056554792925,0.8082772903785426,0.08110348499522704,0.0,0.20925545689714037,0.0,0.027451508642848173,0,fund
0.05144889208126925,0.7621763551023831,0.22888891854469448,0.9507293673830157,0.0,0.38341261789945696,0.0,0.812525244310574,2,crypto
0.3519649173082979,0.41654036602997047,0.16179824313075622,0.0654914858133369,0.0,0.46734246198272106,0.0,0.009487799702174973,0,retail
1.0,0.14682306837491865,0.7213193343103615,0.056465117828313954,0.0,0.5439400836548957,0.0,0.02858894796659873,0,fund
0.012744415310409693,0.9810791781782571,0.7927315180020441,0.014008802821774883,0.5,0.2944305353253334,0.0,0.9619668126311761,1,crypto
0.05091421905351807,0.946791612360493,0.9750450248967141,0.004721802551007018,0.5,0.42649754229908227,0.0,0.8858525696173197,1,crypto
0.17627077421320103,0.26642433374933183,0.5135626101173231,0.06469637781563373,0.0,0.4583615480788962,0.0,0.03698290392426956,0,retail
0.03922687133488605,0.9710955562855331,0.848198948212278,0.013853844032175693,0.0,0.38618966925673326,0.0,0.9019547673322061,1,retail
0.12455691219846075,0.6885665320966793,0.3988135143242747,0.016410815748595542,0.0,0.49873670596966324,0.0,0.016697768733438013,0,crypto
0.005046974800683749,0.9404429520792965,0.793863168731566,0.019878679340363213,0.5,0.39977711114664793,0.0,0.8566505852023933,1,crypto
0.3275760051597077,0.7194410208282617,0.40238746621300037,0.05014133999735615,0.0,0.21422549248490969,0.0,0.026708084920959163,0,crypto
0.053819796976064455,0.6502962575602973,0.7246137886309039,0.09147960654432474,0.0,0.4899946036242593,0.0,0.0025722802611895905,0,fund
1.0,0.385290164780558,0.9346646267378973,0.09060046779607252,0.0,0.9686638067571267,0.0,0.017561018365517152,4,fund
0.2359033935969253,0.6485689905869998,0.3856996244916263,0.0845365503198542,0.0,0.4075606122437913,0.0,0.009517488362809483,0,crypto
0.13155404508885468,0.6831615077527147,0.26739875041831507,0.09171098583186127,0.0,0.387687581842025,0.0,0.016796149405632056,0,crypto
0.8662605230053868,0.22206010694927794,0.8861207056066033,0.10225663251142443,0.0,0.369409832734322,0.0,0.041078034544241776,0,fund
0.5423909940638335,0.7953397533237979,0.38262314899624683,0.07110753669035734,0.0,0.2830404976138498,0.0,0.03333387300220425,0,crypto
0.06584748434423741,0.45818739568232053,0.332639655548691,0.11721548238844881,0.0,0.2392212427755191,0.0,0.020943985634785833,0,retail
0.5218856337783846,0.33924312082204444,0.9568182429527327,0.12343389255373598,0.0,0.4750912018143156,0.0,0.018238875660401374,0,fund
0.0608750819421831,0.708298741881251,0.2893470894805917,0.031413319136977834,0.0,0.37803181387836493,0.0,0.02873183140778606,0,crypto
0.021282810005183662,0.7104018213963018,0.33148371898951917,0.01241548822852491,0.0,0.3226035584919905,0.0,0.01595900651129416,0,crypto
0.382475924623284,0.32030106682531134,0.7707910789688992,0.07199869970347661,0.0,0.4266399584986293,0.0,0.01802998518223658,0,fund
0.1406123552624416,0.7451088212505566,0.2533254189424954,0.04747268739164873,0.0,0.4098185729310619,0.0,0.01851052705100279,0,crypto
1.0,0.45086578042798414,0.9590369076146674,0.09475006496029072,0.0,0.9577205175325844,0.0,0.01567071679601576,4,fund
0.18653758162733158,0.2818713193327174,0.8030536494995351,0.11537778003830379,0.0,0.5602146213126874,0.0,0.02285399376721687,0,fund
0.7253258957103739,0.7139993742636435,0.45323653308491296,0.01084161356104782,0.0,0.41169683269723345,0.0,0.03129802851639563,0,crypto
0.7123281686333758,0.39745058714148007,0.2782841192863143,0.08175110872453686,0.0,0.35169128550104367,0.8365683024437999,0.016567940731569624,3,retail
0.2802251736697438,0.7064128093839973,0.26934056385102,0.10699735599166321,0.0,0.44322578165899346,0.0,0.019692784513952576,0,crypto
0.33470320937867065,0.6314288222844339,0.3450495723778035,0.07214725129336716,0.0,0.4444753161316674,0.0,0.0009505554598936115,0,crypto
0.062254135531221735,0.6340023615010554,0.40821627775104014,0.06930050818405158,0.0,0.4991662108128651,0.8869721829239737,0.03167164017474378,3,crypto
0.1326628248232264,0.563192589146801,0.18935254438860982,0.08305253152314916,0.0,0.426672720991417,0.0,0.01943944434059803,0,crypto
0.3389413877838009,0.3617406617112622,0.7589437925077461,0.08435731850220364,0.0,0.5042669492962712,0.0,0.021103213631116884,0,fund
0.06667741340684849,0.3616125258669217,0.3202280407621219,0.0794631506897495,0.0,0.3218879961068962,0.0,0.019547456980356634,0,retail
0.05602715748765105,0.2766898694985145,0.15695204356125278,0.10702787702751627,0.0,0.5189545417544166,0.9547948647048493,0.008937045640367371,3,retail
0.05153469917881352,0.3010492175144512,0.8029430591677552,0.09549933337807902,0.0,0.32149392507860286,0.8908052165414964,0.005951830560724932,3,fund
0.15189450430215007,0.5974396744480029,0.4888436939614257,0.07507274044903904,0.0,0.45580695762713597,0.0,0.011639083297803735,0,retail
0.17167953445276274,0.5665811647977002,0.32298231549043255,0.11868689672496338,0.0,0.4028417944622366,0.0,0.010650791505937635,0,crypto
0.12137583413523828,0.5131977712920572,0.4851054176849766,0.07214897018552491,0.0,0.38626519381045743,0.0,0.02443238098085213,0,crypto
0.03538818618469163,0.3039110364433962,0.35303690609091914,0.10964065020547568,0.0,0.4831583051300277,0.0,0.012231578521092638,0,retail
0.06935111536203115,0.9720643514410732,0.92209712009763,0.011094819579279876,0.5,0.2967168340120063,0.0,0.8663271347252739,1,crypto
0.035731675888138796,0.2683965740073142,0.227472339189005,0.11437713735355401,0.0,0.49145187900599463,0.0,0.035324997754659714,0,retail
0.23258975704495924,0.40101465257437746,0.23506896246296102,0.07160854132038882,0.0,0.5489005899184424,0.0,0.010537243682699695,0,retail
0.17797150157267538,0.5632042499962299,0.34097975130732816,0.07211651114148147,0.0,0.41769407829835664,0.0,0.029303688911586006,0,retail
0.14040721239961146,0.5533313587414107,0.3405803383535751,0.15864424359435464,0.0,0.23265148621836232,0.0,0.019461080059868654,0,crypto
0.11039378944872605,0.2380057868335713,0.26487279628893545,0.07821897646305787,0.0,0.5047309313570623,0.0,0.001311969417175294,0,retail
0.024700501345710713,0.44154751515062496,0.1987922557270229,0.1428694465241135,0.0,0.4425185905765272,0.0,0.009172150517308334,0,retail
0.14979472858600293,0.7338066912139649,0.3645972162819537,0.062020479701176176,0.0,0.3570098580622764,0.0,0.032840562465409395,0,crypto
0.0023434829216589558,0.9572073743180972,0.8044677456408755,0.016355326630035166,0.0,0.4267915553401834,0.0,0.8607975079263754,1,retail
0.0029611788392345864,0.9907571510047339,0.8461650901285663,0.010984217600843149,0.0,0.4773447656787296,0.0,0.8817021359119468,1,retail
0.3623355581333223,0.41103734799328767,0.41903520289564117,0.12716466439708146,0.0,0.481795861828474,0.0,0.014665682533825091,0,retail
0.012149788030614755,0.5695479629383812,0.8704075437928158,0.07341840091011792,0.0,0.4015761549306505,0.0,0.016074383066701732,0,fund
0.22705116367067024,0.42112807244415523,0.3505735432472799,0.07739896591555374,0.0,0.5006095245087488,0.0,0.02406056122428081,0,retail
0.082150120786953,0.8088614701319352,0.3209461969730197,0.06804479246352459,0.0,0.43889369931726996,0.0,0.025058619098405933,0,crypto
1.0,0.5990894632944208,0.9006674181289243,0.10051187336661721,0.0,0.9651328563428874,0.0,0.028311024411456602,4,fund
0.6519501140251109,0.3931977188213726,0.4568969868949063,0.09812422781185355,0.0,0.2408061626643418,0.0,0.027990681225163877,0,retail
0.016732575192644348,0.9351428242986505,0.7769707264600302,0.008787169089844277,0.5,0.45848868248100516,0.0,0.9092765273024979,1,crypto
0.005475516656263009,0.9505077055594454,0.8851532573370551,0.007361574027915203,0.0,0.2804195082840285,0.0,0.9102782975273578,1,retail
1.0,0.4117581680661887,0.6331997293508635,0.08627529952320183,0.0,0.43802214969771713,0.0,0.039607439533981145,0,fund
1.0,0.40788518040171745,0.771591334705075,0.04028116260210788,0.0,0.323158342592879,0.0,0.0037768631116030203,0,fund
0.0002516940098524897,0.9558590366703766,0.789920590592974,0.012265818020302879,0.0,0.4357585373607882,0.0,0.9093271809517943,1,retail
0.10028767984015739,0.5991370418416905,0.3392913510548216,0.12771210705720915,0.0,0.3544681441061973,0.0,0.012028864337750193,0,retail
1.0,0.4040924748728923,0.9128719180581092,0.08415216302462183,0.0,0.9490902369112096,0.0,0.013876390042037608,4,fund
1.0,0.5152648103261692,0.6782596206503049,0.09403851266395555,0.0,0.306377543488258,0.0,0.008859186417669125,0,fund
0.4382251901498031,0.6369069166262209,0.2902047254014825,0.11690511763991199,0.0,0.4089937963958572,0.0,0.016259815826429005,0,crypto
0.3499588520413951,0.4573093927243996,0.19911449674766707,0.08758247672732007,0.0,0.3640797936996915,0.875414983880815,0.03321458775876004,3,retail
0.4628862428436047,0.3924586819093801,0.4658940303431565,0.03093262919551256,0.0,0.4774356410512752,0.0,0.01889208524312224,0,retail
0.16284017463860379,0.3708510578746648,0.28659404461848703,0.06734736585171808,0.0,0.4545312770912388,0.0,0.012354330167973025,0,retail
0.044667266791459596,0.48625434846151705,0.13050265614833872,0.10460697194917953,0.0,0.4653844962990661,0.0,0.02954085102156628,0,retail
0.3793406695445382,0.5218480214871687,0.37435378449836804,0.09476020730946305,0.0,0.31587268853750483,0.0,0.008475774206390093,0,retail
0.6176791017190617,0.4750692795128987,0.8390153940013454,0.11551761451554118,0.0,0.34464549421290874,0.0,0.02995893415589245,0,fund
1.0,0.7159608247400832,0.3039056302692211,0.10238512953692815,0.0,0.3182786291308898,0.9318661941183367,0.010866767558777133,3,crypto
0.01966759135331114,0.5779764300774279,0.3761672186295002,0.10477862466860192,0.0,0.30997880881538725,0.0,0.009064677135403274,0,crypto
0.26815048544093356,0.2987453923485725,0.32235773575026766,0.11606007615404032,0.0,0.3893811837883063,0.0,0.01713566481494281,0,retail
0.6937627916590979,0.44838534029641225,0.9010949845849607,0.12009972073276949,0.0,0.9468557658357781,0.0,0.02320216577948829,4,retail
0.034164340398335206,0.4440698801528246,0.7197815330197115,0.09120492085181016,0.0,0.323500337370666,0.0,0.018747074843615447,0,fund
0.2758548568687518,0.3397580899339167,0.2837296298430908,0.053864209099771077,0.0,0.4057722589457409,0.0,0.02738237230816162,0,retail
0.00047389375274432127,0.470623097476707,0.8227991163709062,0.09873746927951732,0.0,0.31191735312930846,0.0,0.02180105467465415,0,fund
0.3278327822245222,0.3268675393051392,0.24040593026824264,0.07782244368793143,0.0,0.38761999370169986,0.0,0.00940075094207139,0,retail
0.002532432807566307,0.9507222875697927,0.8842542686006287,0.010605963523921604,0.0,0.4370298300890592,0.0,0.9589057628791047,1,retail
0.25389636489074024,0.7142359242935861,0.48686032191630024,0.08104422621499496,0.0,0.3358240473571857,0.0,0.008528404889882886,0,crypto
0.8306171341034161,0.5342460595290925,0.8702207611817957,0.10176301374706673,0.0,0.39159576988593464,0.0,0.0058738149506730696,0,fund
0.03980691687934357,0.781847506815571,0.3590744335510326,0.9313410183276583,0.0,0.40509192491972146,0.0,0.8532438580614367,2,crypto
0.387342584673096,0.7865156550120261,0.2015162271917626,0.09705442315418814,0.0,0.46684342056367656,0.0,0.013590524004446696,0,crypto
0.2192634704974738,0.4724591778723123,0.344848545419644,0.0752438692275063,0.0,0.3265584750688828,0.8574151149065679,0.020923767916399244,3,retail
0.014593317228594076,0.446293740469441,0.3133838581807267,0.13353350628827526,0.0,0.4271803364366363,0.0,0.03135516290963038,0,retail
0.11484541576419233,0.7181598769095615,0.15227192928678748,0.029681261958225486,0.0,0.4157023138028485,0.0,0.01765631299277543,0,crypto
0.5210459260457637,0.6238353161770862,0.9715900008189622,0.05207344268890417,0.0,0.9587780498398826,0.0,0.02194907205262376,4,fund
0.004359139342278505,0.9117376767131062,0.9237185035998003,0.013985494984558495,0.5,0.40367363939582135,0.0,0.9134787940099122,1,crypto
0.044161940826985796,0.644773874788739,0.1902856350371186,0.1487573380045606,0.0,0.5493969603329081,0.0,0.00837934179743717,0,crypto
0.011112611446662946,0.5582116751303567,0.5159739260660999,0.02415546648333535,0.0,0.35969285968898557,0.0,0.025606525195787752,0,retail
0.11341123695938882,0.8932185278457707,0.32722673844059974,0.9590360654510522,0.0,0.38511272173740485,0.0,0.7684465846023113,2,crypto
0.015977375255379643,0.9495730939565517,0.8184298722216721,0.010262631841076581,0.0,0.5027549642221907,0.0,0.8697619717323232,1,retail
0.022875205296740576,0.7360441676292773,0.3437347932607807,0.07822756804144805,0.0,0.3959896507261574,0.0,0.0187400649989981,0,crypto
0.38393652023788116,0.4371404034423031,0.34953798153284865,0.09179343968174103,0.0,0.36763560659532835,0.0,0.025052110240856906,0,retail
0.025996502233299176,0.8406370405016493,0.56378817522602,0.08905620142163036,0.0,0.369094201964226,0.0,0.0,0,crypto
0.20872388298420375,0.6545029687039622,0.2627626941594119,0.04318391304025121,0.0,0.5040516193812842,0.0,0.03011351807921068,0,crypto
0.6640139262059932,0.46866022738697816,0.7721291075780353,0.08792811719185413,0.0,0.3380430684860552,0.0,0.016136955015220937,0,fund
0.005301311535189606,0.48885578736213947,0.4607046683126963,0.07397329381179714,0.0,0.3722598977135745,0.0,0.017607397953305442,0,retail
0.007443179216368951,0.9789764021667543,0.8342459036045538,0.008792847176375036,0.0,0.4532217205032076,0.0,0.9586713022759591,1,retail
0.08839199294267927,0.45688476094684344,0.8257194852228015,0.11420370745317586,0.0,0.56546310806735,0.0,0.021119419426990676,0,fund
0.4781468005215821,0.7405179516890368,0.3306698373659436,0.06347849635644275,0.0,0.3506907656654128,0.0,0.02285555889540397,0,crypto
0.31115847628146515,0.42725544135192733,0.7361475612045582,0.08483126394217944,0.0,0.3669434663322922,0.0,0.016724891799194556,0,fund
0.21442404865831144,0.5110397383857452,0.7368606351840494,0.105194835048177,0.0,0.32968788548254946,0.0,0.026669276613573684,0,fund
0.049211878354200614,0.9190515574326169,0.9159098533617013,0.0032091253926120325,0.5,0.3724543038584003,0.0,0.8822694614072839,1,crypto
0.018316000503004536,0.9554948694604779,0.8276191421956298,0.006890387443471473,0.5,0.3473929364982302,0.0,0.933275527746235,1,crypto
0.012298326468222131,0.9754542946794252,0.8442289849398793,0.0020819603278990125,0.0,0.40605388324907093,0.0,0.9836211960788646,1,retail
1.0,0.48222321820393416,0.867375695450061,0.06347052832803292,0.0,0.34676773697039376,0.0,0.012535629284022496,0,fund
0.2638942518849676,0.7907999156182457,0.3506420774997031,0.09872863869946526,0.0,0.2859857788399436,0.0,0.001918220774698401,0,crypto
0.5670224045209602,0.518259435906989,0.3727613683676133,0.10538227024075157,0.0,0.38987523521445283,0.9645146947574066,0.02955376556278321,3,retail
0.07802106614726896,0.3732482327236129,0.9323079233340311,0.08193517918587716,0.0,0.9332584978422432,0.0,0.02072252048237916,4,fund
0.32937149577366953,0.34072464712808975,0.436932890220021,0.07761834080666279,0.0,0.44073110345055,0.0,0.02501561092359224,0,retail
0.2184912945072757,0.2802012393922022,0.6409858169319702,0.06006046707493813,0.0,0.32777528584297605,0.0,0.02809264698241986,0,fund
0.20548353135911393,0.31210529967521466,0.8296551321431306,0.0412717024902435,0.0,0.47384105895156,0.0,0.027376259301305023,0,fund
0.38695381886895425,0.3294120985939785,0.7595020064997727,0.08963456000530567,0.0,0.47516778974974927,0.0,0.004620460729274991,0,fund
0.06790162899996897,0.43645614773554575,0.23198265236520488,0.041468388917824575,0.0,0.5180703320403173,0.0,0.024914455108944022,0,retail
0.05530951488148131,0.677091896907829,0.19560360374480673,0.09778497847777966,0.0,0.3996712996632063,0.0,0.0388048922823556,0,crypto
0.308794451512049,0.3783895628816681,0.6983475637817398,0.010209153207824076,0.0,0.3713235594530552,0.0,0.015094291651141341,0,fund
0.8639500753113053,0.685009888534162,0.45330039507269393,0.11638212542787289,0.0,0.3499831176760689,0.0,0.01275066798597865,0,crypto
0.06797821284926737,0.7784146416353498,0.21019727736755414,0.05701864392798801,0.0,0.3630986359601354,0.0,0.0,0,crypto
0.24478867533825166,0.4335968173440577,0.7480225210369971,0.04264896622245928,0.0,0.4912687189361291,0.0,0.00820458941419272,0,fund
0.1674092033116792,0.5409178393602588,0.25125717874900644,0.0989647945809233,0.0,0.39266953651558745,0.0,0.03062099781198059,0,retail
0.011278690427713515,0.970743628112981,0.8044756648234239,0.008779858239144329,0.5,0.6288909254106948,0.0,0.911788770116092,1,crypto
0.08366922317454913,0.7294985767889144,0.18015082624792425,0.08840372007258906,0.0,0.24362552035209975,0.0,0.012750121608432006,0,crypto
0.31472093778239696,0.3672423086950885,0.19739191558043756,0.09144276852603025,0.0,0.47978124541270983,0.0,0.031818900425588936,0,retail
0.24293438615284063,0.28952736949023256,0.8659308119511328,0.10395044154047323,0.0,0.41404576493723905,0.0,0.007313080231568269,0,fund
0.11955566091717588,0.5786597023926696,0.7619510917156108,0.05549607920144918,0.0,0.3990574910286138,0.0,0.00523155838637482,0,fund
0.002165699338454682,0.9438797209128518,0.8795002380552235,0.022701955488407168,0.5,0.4705829194079373,0.0,0.9027340177461253,1,crypto
0.18770622531445427,0.8700429296459092,0.24645845296597804,0.06121590406253234,0.0,0.4431242440324657,0.0,0.025635974532399672,0,crypto
0.0036242125886969513,0.4019599616577629,0.21975699601351628,0.09736785945713705,0.0,0.4368033859088373,0.0,0.03540441239776673,0,retail
0.01229327030413272,0.5255349780288475,0.9921826389074188,0.0,0.0,0.3602674497632424,0.0,0.0165627632190792,0,fund
0.03935604672200644,0.30960878348373233,0.1201586078642185,0.0,0.0,0.49563621694023846,0.0,0.0044610699555245725,0,retail
0.016385676189103898,0.8566509126705908,0.3556849401936079,0.019030372270038197,0.0,0.32547791609682974,0.0,0.02682137666338975,0,crypto
0.46681000667420874,0.38918610096085837,0.41121006192213383,0.10055870254132904,0.0,0.5121607460735298,0.0,0.01697114756201007,0,retail
0.2009445442171268,0.5346099794514259,0.7507402205223997,0.05038250616347126,0.0,0.5061173425710849,0.0,0.038896100046394745,0,fund
0.1261314879571531,0.614300705458491,0.2530235535662863,0.08476268152812629,0.0,0.49248053355609017,0.0,0.013915060962687981,0,retail
0.17188635375755815,0.7922223351431448,0.2590251293464456,0.9820688717592682,0.0,0.47838137735530917,0.0,0.7468108420800093,2,crypto
0.27215984408908417,0.6272115260476913,0.11597336152044313,0.11984498161871998,0.0,0.3596561587349902,0.0,0.013921761073843757,0,crypto
0.08331090083313597,0.7857685468350843,0.12673526448724015,0.13667967865941638,0.0,0.4551917930606356,0.0,0.009461784197729615,0,crypto
0.022863711018655905,0.8430379474878621,0.11366856016960053,0.9509986493137185,0.0,0.4675003577365896,0.0,0.7171044832246085,2,crypto
0.000745319191856662,0.49913522795516996,0.30610285835563206,0.031326040073223205,0.0,0.3268965318733183,0.0,0.0,0,retail
0.8957950208169864,0.6665771221368064,0.8709407372335695,0.09537819808584028,0.0,0.9566580950888623,0.0,0.014926651435210181,4,crypto
0.07457567029769008,0.48423148311973313,0.7723988938283519,0.06982764879119456,0.0,0.34629406157852144,0.0,0.021350531658122264,0,fund
0.24371264202311074,0.4898105393486617,0.9208246673543558,0.08316263838097583,0.0,0.3853984744305468,0.0,0.020627083739025224,0,fund
0.7009879035952238,0.33470737560986724,0.910623155885997,0.08602096082866635,0.0,0.42058027368892015,0.0,0.016555227912475472,0,fund
0.011393738431581289,0.7802859474966524,0.32076434998503556,0.9770354432718594,0.0,0.43058575102093294,0.0,0.8391771681450173,2,crypto
0.20362382204776616,0.490909968654759,0.1439461711987396,0.10825090226917168,0.0,0.49411648178914114,0.0,0.03504721293388451,0,retail
0.07257116131395232,0.8015238206960315,0.31437646431085847,0.9420549398767748,0.0,0.4126188166089345,0.0,0.6977639875334335,2,crypto
0.12646748439864383,0.3450210640361967,0.17496864170406864,0.08632445233877573,0.0,0.3416349587409907,0.0,0.0022317433842397524,0,retail
0.5234275942174147,0.8250645343348777,0.4082017239164916,0.07007256416812818,0.0,0.4198017382669656,0.0,0.022904602226364406,0,crypto
0.21092661852155442,0.39132493712574307,0.39970593564536416,0.11382050268066456,0.0,0.30961201142251527,0.0,0.01176163130358846,0,retail
0.06117115119717967,0.2974357757462159,0.25634841136237324,0.12368697586559962,0.0,0.3956920231002448,0.0,0.012495392252512224,0,retail
0.3523141512643949,0.43087512809918693,0.8684661230543745,0.11209740306232915,0.0,0.45842270554455716,0.0,0.02241000253397246,0,fund
0.10437928695004497,0.2863020546249679,0.325159246876863,0.06329917174490225,0.0,0.33290639712923126,0.0,0.03039109767516452,0,retail
0.4420993274436717,0.4530093119087627,0.9476294687966113,0.005215685018139404,0.0,0.9459649911573842,0.0,0.031971680272478535,4,fund
0.9875929511562763,0.20272784718028833,0.3866986672534625,0.05003218966096054,0.0,0.3303496775124845,0.0,0.011158587056402833,0,retail
0.4271681818886709,0.5800401116903819,0.5935406206388468,0.04916228704967784,0.0,0.2631517316450789,0.0,0.016069097992985386,0,retail
0.06761743297842283,0.46596522987772504,0.2577201145390136,0.08613548008433677,0.0,0.3603763143295145,0.0,0.01512642634016034,0,retail
0.22497550759821003,0.2974536325488847,0.7640851507693708,0.08906462950456594,0.0,0.45358870064231727,0.0,0.026213079574102526,0,fund
0.012820745045160212,0.9994653216552561,0.9567793365038683,0.011410171096046712,0.5,0.43255253806853056,0.0,0.9660229185293139,1,crypto
0.00504601901461983,0.9207773672291993,0.794207822651185,0.0185472591874496,0.5,0.3981086418560947,0.0,0.8270184972857773,1,crypto
0.600671258461776,0.8201931669539543,0.30087884426320716,0.0817359214228027,0.0,0.37875258933900713,0.0,0.02684450477636428,0,crypto
0.12593735222636024,0.6578801183387086,0.33971993361076375,0.07215113480275961,0.0,0.43192573508637544,0.0,0.020354892805355004,0,crypto
0.009237968657161198,0.939043695265468,0.732477207368782,0.01836434100949265,0.5,0.4297819688030832,0.0,0.8654408060369569,1,crypto
0.13160569260590593,0.387346742025294,0.6575877588342063,0.06630790451479678,0.0,0.2543681561542532,0.0,0.031876411393589064,0,fund
0.45459375981244166,0.4521943964658788,0.28788767594402337,0.09385458146140532,0.0,0.39884058154738006,0.0,0.019074501479104583,0,retail
0.007756002277934499,0.8146671770963615,0.1504458463501796,0.9965199442348209,0.0,0.38617234601487116,0.0,0.7112036458561389,2,crypto
0.2320385846615173,0.7461518046378113,0.480956075738669,0.04951435007689106,0.0,0.47093278949059414,0.0,0.00408992516526354,0,crypto
0.21475493249483102,0.6441221722471915,0.3437126779731052,0.08276165411935976,0.0,0.4380992282710133,0.0,0.045299277492519524,0,retail
0.020988192327351246,0.9530281478124955,0.8353657270512361,0.006909197756581864,0.0,0.5354660508592306,0.0,0.9359404681820626,1,retail
0.986186392645525,0.5155927801881286,0.973001830178604,0.08395210479342477,0.0,0.9725703582820153,0.0,0.024086109829688965,4,fund
0.2719950834690748,0.5856339200336298,0.26991740439677014,0.03118064816158054,0.0,0.41495921677797315,0.0,0.01955726680155351,0,crypto
0.05647153026678674,0.5691834837524584,0.9545237712763687,0.031977885321663735,0.0,0.24735616475443364,0.0,0.02024971262370999,0,fund
0.021927125099824155,0.3326814763536912,0.1755513550111134,0.0934948164117953,0.0,0.3433958171764715,0.0,0.014612096954232892,0,retail
0.04799769373839277,0.8433580063568291,0.23122555343127305,0.1270996407726389,0.0,0.35628827383596745,0.0,0.021482161540528222,0,crypto
0.009325675004874209,0.7570193243060773,0.35721257176083904,0.9421886237881797,0.0,0.3786709589376371,0.0,0.5812129407499487,2,crypto
0.05013644601597092,0.9316936168897576,0.8254498519548614,0.0019185779795596533,0.5,0.3467965421141819,0.0,0.8130969207539616,1,crypto
0.2635312863790731,0.7257373106417349,0.2369153597052811,0.0929705814260102,0.0,0.3426254479422023,0.0,0.0,0,crypto
0.3965346369518151,0.2678444213488949,0.8466086935473426,0.06189941570314928,0.0,0.22993321832235356,0.0,0.019032758999079524,0,fund
0.3825493342009831,0.6713007814209001,0.930593076610883,0.07249291503028776,0.0,0.9859997474452427,0.0,0.031057145758432932,4,crypto
0.10328023887531476,0.9350360836988458,0.8708992317276648,0.0009168221477544695,0.0,0.2832475941297161,0.0,0.847168242287412,1,retail
0.060792908942587355,0.3001905372230965,0.12457151471775008,0.08283582702765405,0.0,0.5444871294269569,0.0,0.046669052223200086,0,retail
0.5381077639842426,0.4097155787086248,0.8531613146788545,0.026402469808677623,0.0,0.38434380762376064,0.9216731108201396,0.017674435522221695,3,fund
0.23412119175010804,0.32826293051295574,0.19339678283723194,0.07845373374177045,0.0,0.5529604375242159,0.0,0.031640601525859374,0,retail
0.36104773973353566,0.7580093735199748,0.35080509984345426,0.10341116785970222,0.0,0.44196150340175655,0.0,0.017759606061449836,0,crypto
0.49802043706002613,0.2602347293231013,0.3391337580844622,0.05494527185412478,0.0,0.30991088193770083,0.0,0.005126400832742571,0,retail
0.005758434584843558,0.9257184280066192,0.8267378768285205,0.014020524849812603,0.0,0.2907216234439924,0.0,0.9029390006484125,1,retail
1.0,0.6547259689717192,0.9192159523684369,0.06595969144991003,0.0,0.9666842112740064,0.0,0.0,4,fund
0.7613602388356866,0.44378237662435727,0.9775748718745,0.14731763826509148,0.0,0.9488644245431327,0.0,0.017861035113556814,4,fund
0.13954145825385494,0.40326388366908716,0.4110126243800069,0.08886175270785897,0.0,0.33598341785214264,0.0,0.01707667500243536,0,retail
0.03758533791744234,0.5046257213437173,0.46022113887316757,0.05908148958590558,0.0,0.41943650817050815,0.0,0.01756921943920792,0,retail
0.01211125999058895,0.7144282136482624,0.7657373280312529,0.9687719689276861,0.0,0.35159017547155097,0.0,0.6568819112381517,2,fund
0.24858554963497909,0.3642080472407394,0.9118381282110581,0.038944395718243506,0.0,0.4262746392465239,0.0,0.030571791296144325,0,fund
0.023921221738310346,0.9241790663496985,0.8983463056931033,0.01800852549814544,0.5,0.511783524854531,0.0,0.840614579180608,1,crypto
0.0797215313577996,0.33293009288525216,0.38752900534165285,0.12026068252979742,0.0,0.49411923501080257,0.0,0.012282903129416298,0,retail
0.01841111887129196,0.9894027596492495,0.9192284845524693,0.01547940876736871,0.0,0.440731260981656,0.0,0.9821335524031071,1,retail
0.03615345518606499,0.796517728350589,0.4769337323400624,0.08598521979316666,0.0,0.5597824401827719,0.0,0.010177267465218466,0,crypto
0.10293645481526192,0.6038328984630832,0.2466699000334136,0.09730070440352372,0.0,0.5068229064559511,0.0,0.004070549517900261,0,retail
1.0,0.4757369758533753,0.606503588275953,0.07551915513051076,0.0,0.21060178773013777,0.0,0.023537706308913896,0,fund
0.08017247921815611,0.4368385491334677,0.643881504311579,0.08053791057752353,0.0,0.3666498226353609,0.0,0.03336026481365989,0,fund
0.025310774137939918,0.8290036447038778,0.7564210270376365,0.9618260234211934,0.0,0.3617728119436967,0.0,0.856910544276255,2,fund
0.36622241381577736,0.7070088475208566,0.35206464247290675,0.07497023052112688,0.0,0.31886608449381837,0.0,0.030477603642413795,0,crypto
0.0015485621777822844,0.7159564770380941,0.43530691601664073,0.9506120367512905,0.0,0.43164790678103543,0.0,0.872531397291923,2,crypto
1.0,0.4192028733449212,0.980356133965064,0.11070910605466766,0.0,0.4684431959402502,0.0,0.026580277789165052,0,fund
0.02975385735620061,0.7782696872246664,0.3272236725327388,0.07828188767533693,0.0,0.44384535397657365,0.0,0.006605106334713411,0,crypto
0.5518942624327837,0.4864012775500447,0.7897148575910962,0.08254787486728021,0.0,0.5085762039942245,0.0,0.021297482052268026,0,fund
0.25187211369899604,0.8552668444421105,0.2585369491185969,0.05827092397377,0.0,0.4251555672699882,0.0,0.01641041614820586,0,crypto
0.061742863568971296,0.4928851860658814,0.3626932448892467,0.11060145779829855,0.0,0.5617257503907203,0.0,0.03698951743891992,0,retail
0.0979181400956601,0.9855098169848009,0.7760401990821116,0.010698258371079484,0.5,0.38128019435627497,0.0,0.9026009852475513,1,crypto
0.23398386508306365,0.28637297613206425,0.38221870561716237,0.12002939298559462,0.0,0.43128675183292575,0.0,0.0345055046535574,0,retail
0.10380879853714656,0.6876749286963822,0.4739665251970451,0.08255852206199721,0.0,0.2583804659219611,0.0,0.009130247463493942,0,crypto
0.359316502376878,0.33984982131782276,0.3543883014363779,0.11360788761651686,0.0,0.4378201713439383,0.0,0.006096832261690322,0,retail
1.0,0.5032858128865582,0.19608888316322606,0.1306264416571038,0.0,0.4196091427498094,0.9361566232526288,0.027267940464018037,3,retail
0.1531023257641759,0.38845906618002146,0.21161460069509969,0.06908260003762995,0.0,0.36534372742482846,0.0,0.003525873394939743,0,retail
0.1920528077676005,0.3379266253397444,0.7305218525264835,0.0887564007834895,0.0,0.5102085957739444,0.0,0.019890843189265508,0,fund
0.03998173171411727,0.692366919995923,0.2532106163826775,0.13956913058677328,0.0,0.39075668248278717,0.0,0.032692329069202275,0,crypto
0.13503850429849282,0.9226184956434362,0.4819771787312598,0.9600429256425308,0.0,0.4519105540723072,0.0,0.6849939374151354,2,crypto
0.2552770919522753,0.4331784801202283,0.8827038528123223,0.11760650499492104,0.0,0.9712655310915295,0.0,0.014898161139681575,4,fund
0.45572345564690825,0.5213705880018736,0.8480335046953477,0.07157220127376679,0.0,0.38710117962565843,0.0,0.027075423509341688,0,fund
0.17749986221013567,0.3225136513762016,0.872158547768579,0.09130654109896799,0.0,0.3166549305596322,0.0,0.011665145757528689,0,fund
0.7196610480958662,0.3639942777425662,0.7930621633059671,0.13676035309969087,0.0,0.39820248186603463,0.0,0.028628761738997408,0,fund
0.4586384270377166,0.36575714066054277,0.9160294129920044,0.09944918128103633,0.0,0.42987465382086343,0.0,0.026212122989745047,0,fund
0.11111698805030548,0.3426295730110375,0.7543302384976754,0.09016980541428259,0.0,0.4364999590822827,0.0,0.0,0,fund
0.03936430834324216,0.7729857914423186,0.367635426474882,0.09666255103453758,0.0,0.4064674864623442,0.0,0.00934866378450264,0,crypto
0.05234420717385132,0.9585256236135921,0.9005742592788104,0.006521418019187991,0.0,0.402662866228588,0.0,0.9931839121848592,1,retail
0.14349756055583066,0.8783270810395837,0.527253644189969,0.09857289434154654,0.0,0.40718279715353056,0.0,0.01728594939835503,0,crypto
0.08330169564027837,0.6536052030515591,0.29612763669737663,0.12769630670728802,0.0,0.37967842087864195,0.0,0.029410209153742158,0,crypto
0.2464223700133156,0.4862704921990017,0.09369881884991843,0.12350261126527257,0.0,0.29838145287779627,0.0,0.011236062565252412,0,retail
1.0,0.46803425779863256,0.7210481160889688,0.07790568829466939,0.0,0.306774013450982,0.0,0.004890722701263159,0,fund
0.25209188593244053,0.2714135982720285,0.24945102445554887,0.08626560627602996,0.0,0.40465701816680455,0.0,0.016065621037254497,0,retail
0.01177622662770171,0.9197772257331038,0.7660356706525602,0.0025308594187791024,0.0,0.4753615325633226,0.0,0.9133794084644605,1,retail
0.01629453394209061,0.7531665595938595,0.34565998486985017,0.08640683599067736,0.0,0.3837346772936217,0.0,0.02211564833194248,0,crypto
0.2470907245082734,0.896754074619586,0.35438297064032387,0.09597946629445593,0.0,0.45028887192676775,0.0,0.006105464902572102,0,crypto
0.010272243990107732,0.7816221872557192,0.19414317217434773,0.10951770611733357,0.0,0.38105915535699675,0.0,0.026717424821918728,0,crypto
0.009636271123291809,0.22848800453053042,0.3166967279107854,0.08607171371927402,0.0,0.3015957578070029,0.0,0.03260109532395487,0,retail
0.870990165026829,0.4782027387574128,0.20883826978460973,0.07940244811100806,0.0,0.38016959047370696,0.9195813948378909,0.015716817422022442,3,retail
0.0016223502064894994,0.9395870316866346,0.8422135707332629,0.008237356637543764,0.5,0.3525885044891459,0.0,0.9111397049375055,1,crypto
0.4499885804767459,0.4781099842931511,0.8807261056335642,0.08099649689039443,0.0,0.5766813344007339,0.0,0.03306061461842726,0,fund
1.0,0.33192229215827007,0.30907321344022193,0.09031412970607647,0.0,0.3853190752337553,0.8711451633036502,0.03354601054358028,3,retail
0.23843374462010472,0.3753579413165531,0.27647700060687114,0.013495354882884752,0.0,0.3321413783865519,0.0,0.016460962449869568,0,retail
0.027356292402336658,0.4176104976030908,0.6819027516335615,0.0454495667289697,0.0,0.5689037067279668,0.0,0.01139434596186113,0,fund
0.2630983643419736,0.4213434896532379,0.7473261273009884,0.06376912808811645,0.0,0.4721354036956935,0.0,0.013666757179623183,0,fund
1.0,0.5979178251113824,0.9291916945936907,0.08586209663849961,0.0,0.9724506268787438,0.0,0.016467358645618418,4,fund
0.22233674647108842,0.35667191919007774,0.3278463452942137,0.0841072227622143,0.0,0.1738318847416,0.0,0.006041399212362726,0,retail
0.03949020839776964,0.7942254414182076,0.24838833581285652,0.1437366868948704,0.0,0.1780948048052867,0.0,0.01820380278594367,0,crypto
0.1912205389558523,0.7035498207405941,0.3375166924324061,0.06030597091022347,0.0,0.41048441597819224,0.0,0.029089780363588294,0,crypto
0.12676250854102664,0.3449634472268496,0.32384651403237946,0.13354647197097055,0.0,0.27018012757419885,0.0,0.010454043507110688,0,retail
0.05028931746233817,0.6975262757165159,0.22092290809146461,0.934999489344319,0.0,0.3677296203225054,0.0,0.7797375390952035,2,crypto
0.12662137985304753,0.6263936346531486,0.26890624836489063,0.09829640141571257,0.0,0.3968058829301309,0.0,0.02794923113875559,0,crypto
0.6172253824281467,0.534913510511343,0.8056750051555622,0.026409346269801737,0.0,0.4276815220922786,0.0,0.022595151760454287,0,fund
0.1527258307780923,0.24744282919389163,0.18458366152204586,0.10565604523244787,0.0,0.4211432168122601,0.0,0.03313782176571808,0,retail
0.154460999629355,0.39845283592732605,0.920157170850465,0.04958444309162144,0.0,0.9504555223593327,0.0,0.010766834408478374,4,fund
0.4759290151432317,0.3641596424487112,0.6775000111339949,0.11529599761363296,0.0,0.3533022293149919,0.0,0.009142522892184505,0,fund
0.18303876438909256,0.4029796165121425,0.795751587745718,0.009269243178707323,0.0,0.30293039438016683,0.0,0.012624440353530279,0,fund
0.05881010964898483,0.9408990675866515,0.7302673870783956,0.005942721379816417,0.0,0.38764465045929825,0.0,0.9181552548014605,1,retail
0.06676933987599061,0.39514141972188166,0.9834083243916093,0.08685812436735263,0.0,0.946783315283797,0.0,0.006632147989163202,4,fund
0.32487610090213986,0.5514003323600701,0.2593629254184936,0.09425171443067606,0.0,0.4692971806525817,0.0,0.025070715872231447,0,crypto
1.0,0.3748392461951808,0.7955994455058174,0.06978463865866469,0.0,0.39885444458273817,0.0,0.015824919264849684,0,fund
0.01962577584050625,0.27481570405752276,0.3029094673412295,0.11567879234866293,0.0,0.37609842219479533,0.0,0.030936904388493114,0,retail
0.7205987510136348,0.7093429530670906,0.7795103302804685,0.10047596847588222,0.0,0.38828058283372474,0.0,0.022748328072999223,0,fund
0.06091146031786934,0.47119574667172653,0.20309489484624166,0.07300148050528192,0.0,0.5180586143193876,0.0,0.01126331108077374,0,retail
0.33202617641302357,0.5544442098874266,0.8042312061052588,0.04555653729556063,0.0,0.34549705225247795,0.0,0.045262641801249684,0,fund
0.004853507301791294,0.7945311771235865,0.24474306538811474,0.02380982507208139,0.0,0.5635585245759955,0.0,0.01002771712561224,0,crypto
0.06425887510223739,0.5940962877987902,0.33118436320319006,0.05713574577690271,0.0,0.48767548667663574,0.0,0.012578631574652385,0,crypto
0.15755307214461525,0.4219641586617015,0.9671962960073276,0.09713094393191442,0.0,0.4502879594424304,0.0,0.026993003997179004,0,fund
0.052159352512998,0.7444586991706028,0.2999930145245871,0.9550783122809777,0.0,0.37023377914391087,0.0,0.7202936371974139,2,crypto
0.03719490153771768,0.6983836165381233,0.39384154217891143,0.10277098030601656,0.0,0.5438187072461886,0.0,0.016836644552599353,0,crypto
0.03556631270381171,0.46564471869104684,0.10416590842130591,0.04871953171111724,0.0,0.41701168609578726,0.0,0.002933304226252518,0,retail
0.30551092400284724,0.6687482120865136,0.3618360566259665,0.12366801437771893,0.0,0.48253230196601404,0.0,0.005910808973094754,0,crypto
1.0,0.2868594389864963,0.8887382364141134,0.11042764571345773,0.0,0.45214918821544764,0.0,0.018045581262071158,0,fund
0.8778217821173737,0.45463317060017516,0.7273225862166157,0.05367147929411285,0.0,0.42661754636681504,0.0,0.00666851991522791,0,fund
0.25875838529292877,0.5259985234462219,0.38518994381843163,0.11245296796319099,0.0,0.360956207947937,0.0,0.018275906260055215,0,retail
0.0386263066610029,0.22661864077533359,0.4362064956927477,0.06906637595153176,0.0,0.5761112569830348,0.0,0.0,0,retail
0.10561780256439264,0.6919218058271385,0.24578031781509224,0.11729466235587224,0.0,0.507399504533338,0.0,0.020881352711470225,0,crypto
0.40177209361417815,0.385885498651371,0.8696339147698877,0.09200518636918427,0.0,0.38457379233402167,0.0,0.024850167248268266,0,fund
0.04906967512286075,0.8413054918346936,0.2718352617745069,0.9604377764232966,0.0,0.5507200910055886,0.0,0.7753561605587292,2,crypto
0.05212074862892292,0.46782868707071756,0.7629076488850199,0.026433581033544575,0.0,0.4010858927507364,0.0,0.033162675514999684,0,fund
0.04423163000406166,0.48831145516584834,0.446785044499731,0.07909210827209043,0.0,0.6079058320059666,0.0,0.002759381891319645,0,retail
0.10530461088487307,0.482092287910971,0.2088490031323128,0.09027556913421525,0.0,0.4237398784782527,0.0,0.01363204898450443,0,retail
0.012282852381152391,0.9436342155730039,0.7948371215969193,0.014518788105686336,0.0,0.3960322911054367,0.0,0.8189876522756181,1,retail
0.08382151998566705,0.34507718605046017,0.9002915380453288,0.028323197757425915,0.0,0.956788807809964,0.0,0.02452097288450688,4,fund
0.17093308851873323,0.3444713897398964,0.3247604376279362,0.11819876197601273,0.0,0.3309556762924014,0.0,0.03420985353830048,0,retail
0.0341659825786619,0.9392405024383778,0.8470583572934238,0.008895341375301936,0.5,0.4744699609549795,0.0,0.9076449693534557,1,crypto
0.6620024778757955,0.2850292527102595,0.3234502247026879,0.10211357882567766,0.0,0.2514382632366087,0.0,0.0314102027623928,0,retail
0.047607650481354125,0.8493041945738856,0.5193602615610071,0.9421691302029098,0.0,0.3600128322078669,0.0,0.7555763415543424,2,crypto
1.0,0.3780303975783551,0.9511249062800862,0.07795114558129582,0.0,0.9399874125503351,0.0,0.02784056038250357,4,fund
0.48991469074797883,0.31449045255907954,0.5528567717964928,0.04740216316883113,0.0,0.40440944986316235,0.0,0.02779705524547612,0,retail
0.10905741440736526,0.5273665054130439,0.7207136394927682,0.1029031454416843,0.0,0.49393505320474573,0.0,0.024785303141499036,0,fund
0.012320026017343659,0.9744791981981427,0.8625179908537907,0.010142465745225432,0.0,0.3558895733418771,0.0,0.9019709598706126,1,retail
0.13285166116867403,0.5584228986944175,0.4301015662654709,0.03163070792061751,0.0,0.47089105227953054,0.0,0.001056178040740919,0,crypto
0.23460823266326394,0.462963760302559,0.8152892148345735,0.05689134932130546,0.0,0.3982358558994512,0.0,0.026615979632839487,0,fund
1.0,0.2659875104345214,0.7514321255424954,0.03536414889528131,0.0,0.30998511186150707,0.0,0.023888189102637132,0,fund
0.033656811530983884,0.8046201887888529,0.2831394131496292,0.953060891001302,0.0,0.4618422585000719,0.0,0.868053555088764,2,crypto
0.060278153186044514,0.19617034702377248,0.23108882022782096,0.09403070311576657,0.0,0.5048484730250771,0.0,0.0317110197166956,0,retail
0.7423842854717331,0.4618095840428808,0.3164775004181356,0.11175766507447987,0.0,0.3407780567192997,0.0,0.02058155779850238,0,retail
0.05095182091934691,0.5109363414002515,0.4531326802314232,0.09011261878201043,0.0,0.2932436735077667,0.0,0.025945838047755576,0,retail
0.2058616789128979,0.6678487191583509,0.48742760906059857,0.046107565459861784,0.0,0.4029949655034965,0.0,0.009373269750714883,0,crypto
0.22850780121237527,0.34589752286039716,0.6556074452926244,0.09334560612672464,0.0,0.4329252575331426,0.0,0.010585968309979751,0,fund
0.27007089800441536,0.3747650961712754,0.996060429218445,0.08203288804546906,0.0,0.9860617654605589,0.0,0.030997342660445182,4,fund
0.18951051043843073,0.6095621819847272,0.23695415458145225,0.12911247223978228,0.0,0.3375884894889783,0.0,0.027352693099749876,0,crypto
0.09304135365279553,0.7295193061708419,0.33123872434116447,0.12016333911263187,0.0,0.2591789999535993,0.0,0.010558724435375796,0,crypto
0.1867178015141198,0.48055804745307273,0.042265497700565646,0.07057034266338494,0.0,0.39284052741169057,0.0,0.005230660660633657,0,retail
0.14344786441437885,0.6071073517539269,0.24958713263483362,0.07781426933476834,0.0,0.5511423036403197,0.0,0.02238171306139628,0,crypto
0.05163222647234212,0.9741846129444787,0.8487856752164987,0.018194802637999163,0.0,0.37100258881924597,0.0,0.9363209065014477,1,retail
0.022759510798326787,0.5972322824704257,0.28366595488836177,0.15004263820456953,0.0,0.37978305120227324,0.0,0.02518701943013643,0,crypto
0.006475046011530385,0.7950547731993511,0.3799911281688387,0.07826517475082326,0.0,0.5315277422281969,0.0,0.006522130247874909,0,crypto
0.6058896705445899,0.41412018124890243,0.837730997876481,0.04043667000508099,0.0,0.9266807906747148,0.0,0.011819446794184453,4,fund
1.0,0.4266537930827897,0.8197966099973555,0.11704637052159012,0.0,0.3586010761339444,0.0,0.04340296498045307,0,fund
0.6478035800775229,0.21880106624379458,0.941797157703893,0.0,0.0,0.9459764269615271,0.0,0.008580581808386886,4,fund
0.23400172904510608,0.3427848067077456,0.04789133498703069,0.04155129650452848,0.0,0.22831559146253913,0.0,0.007059519456811018,0,retail
0.28292439918345125,0.39162169001109354,1.0,0.07392983279389738,0.0,0.3853403805432575,0.0,0.005580896438881908,0,fund
0.24014426472200232,0.4945929585270379,0.9012063324878509,0.090476766876334,0.0,0.9616774500352187,0.0,0.026322992097833006,4,fund
0.034782585701890904,0.7613471936691778,0.23732077504399418,0.08675173655773817,0.0,0.4048930054280732,0.0,0.012209475956933096,0,crypto
0.31024342605317096,0.3655184869332705,0.911320058047705,0.13739435169419031,0.0,0.944142757861267,0.0,0.011590316393689402,4,fund
0.0037257727699950846,0.5810302610004162,0.33992694076141755,0.062076851075823614,0.0,0.4453209543552952,0.0,0.02090790902967107,0,retail
0.20863704301508826,0.2282042686280193,0.3484840341226182,0.07850237007639578,0.0,0.3808636786083797,0.0,0.013491739750056613,0,retail
0.09081257227344351,0.4047474504376328,0.12202570258387568,0.11711750218918748,0.0,0.32841130004082447,0.0,0.009047609710880797,0,retail
0.5219580339997734,0.4029382352664002,0.8660420935941312,0.07557919595731136,0.0,0.4025141607483077,0.9661401139912618,0.018254122757722417,3,fund
0.5213014635494856,0.5162573668187841,0.41218196402730195,0.0649882358124682,0.0,0.5059865225617813,0.0,0.025296429005018755,0,retail
1.0,0.6323266984454728,0.7628943285199615,0.06652604777136673,0.0,0.485021567962304,0.0,0.0007306371175444561,0,fund
0.27632303599974434,0.5518232777420512,0.2193038945982953,0.09536385460082838,0.0,0.4095086690578255,0.0,0.023227022531646675,0,crypto
0.0014492273914552287,0.8140250552671204,0.18197682657996297,0.09256113734877106,0.0,0.39888214172191416,0.0,0.016665137190303048,0,crypto
0.8047558233144548,0.48852563208659605,0.7379455450155618,0.10581437363202789,0.0,0.3466317900183471,0.0,0.017914911224544604,0,fund
0.4772691728823548,0.42793158417725047,0.2819166615601148,0.08300869167521116,0.0,0.38288356566499604,0.0,0.0018764129357288044,0,retail
0.04234418063537916,0.6630615009851872,0.13828281099544554,0.09038938130674659,0.0,0.3495961254921327,0.0,0.01265838133878986,0,retail
0.14305438359398034,0.22187760855981578,0.9372766572777318,0.03274034621487554,0.0,0.94568100065213,0.0,0.017479036555416654,4,fund
0.5003357016643826,0.4942075941099501,0.8435947629715472,0.05714176285594749,0.0,0.3886633022638541,0.0,0.02877826031239126,0,fund
0.06758924957171297,0.6680508871633246,0.9782612022178961,0.06004053467197738,0.0,0.9491315914044697,0.0,0.01743841556778554,4,fund
